id,名称,描述,音频描述,音频文件,不知道,立绘,头像,全身像,头像,本命道具,星级,进化状态,主地形,副地形,不知道,不知道,基础属性,最小等级,最大等级,等级加成,不知道,退化[fairy],进化[fairy],进化所需星陨,数量,成长值需求,不知道,努力度加成,不知道,不知道,技能组[skill_groove],技能解锁等级,不知道,不知道,不知道
100000,1000000,1000001,1000002,Duoduoluoshu_1.mp3|Duoduoluoshu_2.mp3|Duoduoluoshu_3.mp3,440126|440127,sprite/common/elf/drawing/pic/draw_100000.png,sprite/common/elf/head_icon/elf_100000.png,sprite/common/elf/pic/elf_100000.png,sprite/common/elf/head_icon/elf_100000.png,sprite/common/elf/cartoon/100000.png,3,0,1,2,10000,"[1, 2, 3, 4]","[14, 5, 2, 8]",1,50,"[0, 5, 2, 6]",4,0,100010,515,10,"[1, 1, 2, 3, 3]","[10000, 11000, 12000, 13000, 14000, 15000]","['1|7|7|7', '1|15|15|15', '2|20|20|20', '3|25|25|25', '3|30|30|30']",0,1,"[97, 97, 97]","[31, 51, 70]",5,535,50
100001,1000010,1000011,1000012,Canniang_1.mp3|Canniang_2.mp3|Canniang_3.mp3,440128|440129,sprite/common/elf/drawing/pic/draw_100001.png,sprite/common/elf/head_icon/elf_100001.png,sprite/common/elf/pic/elf_100001.png,sprite/common/elf/head_icon/elf_100001.png,sprite/common/elf/cartoon/100001.png,3,0,1,3,10000,"[1, 2, 3, 4]","[13, 4, 5, 6]",1,50,"[0, 3, 5, 5]",4,0,100011,515,10,"[1, 1, 2, 3, 3]","[10000, 11000, 12000, 13000, 14000, 15000]","['1|7|7|7', '1|15|15|15', '2|20|20|20', '3|25|25|25', '3|30|30|30']",0,0.7,"[92, 92, 92]","[31, 51, 70]",5,535,50
100002,1000020,1000021,1000022,Duoduoluobi_1.mp3|Duoduoluobi_2.mp3|Duoduoluobi_3.mp3,440130|440131,sprite/common/elf/drawing/pic/draw_100002.png,sprite/common/elf/head_icon/elf_100002.png,sprite/common/elf/pic/elf_100002.png,sprite/common/elf/head_icon/elf_100002.png,sprite/common/elf/cartoon/100002.png,3,0,2,4,10000,"[1, 2, 3, 4]","[13, 5, 3, 7]",1,50,"[0, 4, 3, 6]",4,0,100012,515,10,"[1, 1, 2, 3, 3]","[10000, 11000, 12000, 13000, 14000, 15000]","['1|7|7|7', '1|15|15|15', '2|20|20|20', '3|25|25|25', '3|30|30|30']",0,1,"[99, 99, 99]","[31, 51, 70]",5,535,50
100003,1000030,1000031,1000032,La_1.mp3|La_2.mp3|La_3.mp3,440132|440133,sprite/common/elf/drawing/pic/draw_100003.png,sprite/common/elf/head_icon/elf_100003.png,sprite/common/elf/pic/elf_100003.png,sprite/common/elf/head_icon/elf_100003.png,sprite/common/elf/cartoon/100003.png,3,0,4,3,10000,"[1, 2, 3, 4]","[14, 5, 4, 5]",1,50,"[0, 5, 4, 4]",2,0,100013,515,10,"[1, 1, 2, 3, 3]","[10000, 11000, 12000, 13000, 14000, 15000]","['1|7|7|7', '1|15|15|15', '2|20|20|20', '3|25|25|25', '3|30|30|30']",0,1,"[87, 87, 87]","[31, 51, 70]",5,535,50
100004,1000040,1000041,1000042,Lusitu_1.mp3|Lusitu_2.mp3|Lusitu_3.mp3,440134|440135,sprite/common/elf/drawing/pic/draw_100004.png,sprite/common/elf/head_icon/elf_100004.png,sprite/common/elf/pic/elf_100004.png,sprite/common/elf/head_icon/elf_100004.png,sprite/common/elf/cartoon/100004.png,3,0,4,2,10000,"[1, 2, 3, 4]","[16, 5, 4, 5]",1,50,"[0, 5, 3, 5]",1,0,100014,515,10,"[1, 1, 2, 3, 3]","[10000, 11000, 12000, 13000, 14000, 15000]","['1|7|7|7', '1|15|15|15', '2|20|20|20', '3|25|25|25', '3|30|30|30']",0,1.2,"[88, 88, 88]","[31, 51, 70]",5,535,50
100005,1000050,1000051,1000052,Diang_1.mp3|Diang_2.mp3|Diang_3.mp3,440136|440137,sprite/common/elf/drawing/pic/draw_100005.png,sprite/common/elf/head_icon/elf_100005.png,sprite/common/elf/pic/elf_100005.png,sprite/common/elf/head_icon/elf_100005.png,sprite/common/elf/cartoon/100005.png,3,0,1,2,10000,"[1, 2, 3, 4]","[14, 4, 6, 4]",1,50,"[0, 4, 6, 3]",3,0,100015,515,10,"[1, 1, 2, 3, 3]","[10000, 11000, 12000, 13000, 14000, 15000]","['1|7|7|7', '1|15|15|15', '2|20|20|20', '3|25|25|25', '3|30|30|30']",0,0.5,"[90, 90, 90]","[31, 51, 70]",5,535,50
100006,1000060,1000061,1000062,Duoduoluomo_1.mp3|Duoduoluomo_2.mp3|Duoduoluomo_3.mp3,440138|440139,sprite/common/elf/drawing/pic/draw_100006.png,sprite/common/elf/head_icon/elf_100006.png,sprite/common/elf/pic/elf_100006.png,sprite/common/elf/head_icon/elf_100006.png,sprite/common/elf/cartoon/100006.png,3,0,3,1,10000,"[1, 2, 3, 4]","[14, 3, 7, 4]",1,50,"[0, 3, 6, 4]",3,0,100016,515,10,"[1, 1, 2, 3, 3]","[10000, 11000, 12000, 13000, 14000, 15000]","['1|7|7|7', '1|15|15|15', '2|20|20|20', '3|25|25|25', '3|30|30|30']",0,1,"[98, 98, 98]","[31, 51, 70]",5,535,50
100007,1000070,1000071,1000072,Suofeiya_1.mp3|Suofeiya_2.mp3|Suofeiya_3.mp3,440140|440141,sprite/common/elf/drawing/pic/draw_100007.png,sprite/common/elf/head_icon/elf_100007.png,sprite/common/elf/pic/elf_100007.png,sprite/common/elf/head_icon/elf_100007.png,sprite/common/elf/cartoon/100007.png,3,0,1,3,3000,"[1, 2, 3, 4]","[15, 7, 6, 3]",1,50,"[0, 6, 5, 2]",2,0,100017,515,5,"[1, 1, 2, 3, 3]","[10000, 11000, 12000, 13000, 14000, 15000]","['1|7|7|7', '1|15|15|15', '2|20|20|20', '3|25|25|25', '3|30|30|30']",0,1,"[95, 95, 95]","[31, 51, 70]",5,535,50
100008,1000080,1000081,1000082,Bisimai_1.mp3|Bisimai_2.mp3|Bisimai_3.mp3,440142|440143,sprite/common/elf/drawing/pic/draw_100008.png,sprite/common/elf/head_icon/elf_100008.png,sprite/common/elf/pic/elf_100008.png,sprite/common/elf/head_icon/elf_100008.png,sprite/common/elf/cartoon/100008.png,5,0,3,2,10000,"[1, 2, 3, 4]","[24, 11, 9, 7]",1,50,"[0, 9, 4, 4]",1,0,100018,517,5,"[1, 1, 1, 1, 2]","[10000, 11000, 12000, 13000, 14000, 15000]","['1|9|9|9', '2|25|25|25', '3|32|32|32', '4|40|40|40', '5|48|48|48']",0,1,"[60, 60, 60]","[31, 51, 70]",25,536,1
100009,1000090,1000091,1000092,Aboluo_1.mp3|Aboluo_2.mp3|Aboluo_3.mp3,440144|440145,sprite/common/elf/drawing/pic/draw_100009.png,sprite/common/elf/head_icon/elf_100009.png,sprite/common/elf/pic/elf_100009.png,sprite/common/elf/head_icon/elf_100009.png,sprite/common/elf/cartoon/100009.png,5,0,4,1,10000,"[1, 2, 3, 4]","[24, 10, 12, 6]",1,50,"[0, 4, 10, 3]",1,0,100019,517,5,"[1, 1, 1, 1, 2]","[10000, 11000, 12000, 13000, 14000, 15000]","['1|9|9|9', '2|25|25|25', '3|32|32|32', '4|40|40|40', '5|48|48|48']",0,1,"[52, 52, 52]","[31, 51, 70]",25,536,1
100010,1000100,1000101,1000102,Duoduoluoshu_1.mp3|Duoduoluoshu_2.mp3|Duoduoluoshu_3.mp3,440126|440127,sprite/common/elf/drawing/pic/draw_100000.png,sprite/common/elf/head_icon/elf_100010.png,sprite/common/elf/pic/elf_100010.png,sprite/common/elf/head_icon/elf_100010.png,sprite/common/elf/cartoon/100000.png,3,1,1,2,17000,"[1, 2, 3, 4]","[28, 250, 100, 302]",50,70,"[0, 6, 3, 7]",4,100000,0,0,0,"[1, 1, 2, 3, 3]","[10000, 11000, 12000, 13000, 14000, 15000]","['1|7|7|7', '1|15|15|15', '2|20|20|20', '3|25|25|25', '3|30|30|30']",0,1,"[97, 97, 97]","[31, 51, 70]",5,535,50
100011,1000110,1000111,1000112,Canniang_1.mp3|Canniang_2.mp3|Canniang_3.mp3,440128|440129,sprite/common/elf/drawing/pic/draw_100001.png,sprite/common/elf/head_icon/elf_100011.png,sprite/common/elf/pic/elf_100011.png,sprite/common/elf/head_icon/elf_100011.png,sprite/common/elf/cartoon/100001.png,3,1,1,3,17000,"[1, 2, 3, 4]","[27, 151, 250, 251]",50,70,"[0, 3, 6, 6]",4,100001,0,0,0,"[1, 1, 2, 3, 3]","[10000, 11000, 12000, 13000, 14000, 15000]","['1|7|7|7', '1|15|15|15', '2|20|20|20', '3|25|25|25', '3|30|30|30']",0,0.6,"[92, 92, 92]","[31, 51, 70]",5,535,50
100012,1000120,1000121,1000122,Duoduoluobi_1.mp3|Duoduoluobi_2.mp3|Duoduoluobi_3.mp3,440130|440131,sprite/common/elf/drawing/pic/draw_100002.png,sprite/common/elf/head_icon/elf_100012.png,sprite/common/elf/pic/elf_100012.png,sprite/common/elf/head_icon/elf_100012.png,sprite/common/elf/cartoon/100002.png,3,1,2,4,17000,"[1, 2, 3, 4]","[27, 201, 150, 301]",50,70,"[0, 5, 4, 7]",4,100002,0,0,0,"[1, 1, 2, 3, 3]","[10000, 11000, 12000, 13000, 14000, 15000]","['1|7|7|7', '1|15|15|15', '2|20|20|20', '3|25|25|25', '3|30|30|30']",0,1,"[99, 99, 99]","[31, 51, 70]",5,535,50
100013,1000130,1000131,1000132,La_1.mp3|La_2.mp3|La_3.mp3,440132|440133,sprite/common/elf/drawing/pic/draw_100003.png,sprite/common/elf/head_icon/elf_100013.png,sprite/common/elf/pic/elf_100013.png,sprite/common/elf/head_icon/elf_100013.png,sprite/common/elf/cartoon/100003.png,3,1,4,3,17000,"[1, 2, 3, 4]","[28, 250, 200, 201]",50,70,"[0, 6, 5, 4]",2,100003,0,0,0,"[1, 1, 2, 3, 3]","[10000, 11000, 12000, 13000, 14000, 15000]","['1|7|7|7', '1|15|15|15', '2|20|20|20', '3|25|25|25', '3|30|30|30']",0,1,"[87, 87, 87]","[31, 51, 70]",5,535,50
100014,1000140,1000141,1000142,Lusitu_1.mp3|Lusitu_2.mp3|Lusitu_3.mp3,440134|440135,sprite/common/elf/drawing/pic/draw_100004.png,sprite/common/elf/head_icon/elf_100014.png,sprite/common/elf/pic/elf_100014.png,sprite/common/elf/head_icon/elf_100014.png,sprite/common/elf/cartoon/100004.png,3,1,4,2,17000,"[1, 2, 3, 4]","[30, 250, 151, 250]",50,70,"[0, 6, 4, 5]",1,100004,0,0,0,"[1, 1, 2, 3, 3]","[10000, 11000, 12000, 13000, 14000, 15000]","['1|7|7|7', '1|15|15|15', '2|20|20|20', '3|25|25|25', '3|30|30|30']",0,1,"[88, 88, 88]","[31, 51, 70]",5,535,50
100015,1000150,1000151,1000152,Diang_1.mp3|Diang_2.mp3|Diang_3.mp3,440136|440137,sprite/common/elf/drawing/pic/draw_100005.png,sprite/common/elf/head_icon/elf_100015.png,sprite/common/elf/pic/elf_100015.png,sprite/common/elf/head_icon/elf_100015.png,sprite/common/elf/cartoon/100005.png,3,1,1,2,17000,"[1, 2, 3, 4]","[26, 200, 300, 151]",50,70,"[0, 5, 7, 4]",3,100005,0,0,0,"[1, 1, 2, 3, 3]","[10000, 11000, 12000, 13000, 14000, 15000]","['1|7|7|7', '1|15|15|15', '2|20|20|20', '3|25|25|25', '3|30|30|30']",0,0.3,"[90, 90, 90]","[31, 51, 70]",5,535,50
100016,1000160,1000161,1000162,Duoduoluomo_1.mp3|Duoduoluomo_2.mp3|Duoduoluomo_3.mp3,440138|440139,sprite/common/elf/drawing/pic/draw_100006.png,sprite/common/elf/head_icon/elf_100016.png,sprite/common/elf/pic/elf_100016.png,sprite/common/elf/head_icon/elf_100016.png,sprite/common/elf/cartoon/100006.png,3,1,3,1,17000,"[1, 2, 3, 4]","[26, 150, 301, 200]",50,70,"[0, 3, 7, 6]",3,100006,0,0,0,"[1, 1, 2, 3, 3]","[10000, 11000, 12000, 13000, 14000, 15000]","['1|7|7|7', '1|15|15|15', '2|20|20|20', '3|25|25|25', '3|30|30|30']",0,1,"[98, 98, 98]","[31, 51, 70]",5,535,50
100017,1000170,1000171,1000172,Suofeiya_1.mp3|Suofeiya_2.mp3|Suofeiya_3.mp3,440140|440141,sprite/common/elf/drawing/pic/draw_100007.png,sprite/common/elf/head_icon/elf_100017.png,sprite/common/elf/pic/elf_100017.png,sprite/common/elf/head_icon/elf_100017.png,sprite/common/elf/cartoon/100007.png,3,1,1,3,10000,"[1, 2, 3, 4]","[29, 301, 251, 101]",50,70,"[0, 6, 6, 4]",2,100007,0,0,0,"[1, 1, 2, 3, 3]","[10000, 11000, 12000, 13000, 14000, 15000]","['1|7|7|7', '1|15|15|15', '2|20|20|20', '3|25|25|25', '3|30|30|30']",0,1,"[95, 95, 95]","[31, 51, 70]",5,535,50
100018,1000180,1000181,1000182,Bisimai_1.mp3|Bisimai_2.mp3|Bisimai_3.mp3,440142|440143,sprite/common/elf/drawing/pic/draw_100008.png,sprite/common/elf/head_icon/elf_100018.png,sprite/common/elf/pic/elf_100018.png,sprite/common/elf/head_icon/elf_100018.png,sprite/common/elf/cartoon/100008.png,5,1,3,2,20000,"[1, 2, 3, 4]","[46, 452, 205, 203]",50,70,"[0, 10, 5, 6]",1,100008,0,0,0,"[1, 1, 1, 1, 2]","[10000, 11000, 12000, 13000, 14000, 15000]","['1|9|9|9', '2|25|25|25', '3|32|32|32', '4|40|40|40', '5|48|48|48']",0,1,"[60, 60, 60]","[31, 51, 70]",25,536,1
100019,1000190,1000191,1000192,Aboluo_1.mp3|Aboluo_2.mp3|Aboluo_3.mp3,440144|440145,sprite/common/elf/drawing/pic/draw_100009.png,sprite/common/elf/head_icon/elf_100019.png,sprite/common/elf/pic/elf_100019.png,sprite/common/elf/head_icon/elf_100019.png,sprite/common/elf/cartoon/100009.png,5,1,4,1,20000,"[1, 2, 3, 4]","[46, 206, 502, 153]",50,70,"[0, 5, 11, 5]",1,100009,0,0,0,"[1, 1, 1, 1, 2]","[10000, 11000, 12000, 13000, 14000, 15000]","['1|9|9|9', '2|25|25|25', '3|32|32|32', '4|40|40|40', '5|48|48|48']",0,1,"[52, 52, 52]","[31, 51, 70]",25,536,1
100020,1000200,1000201,1000202,Bimeng_1.mp3|Bimeng_2.mp3|Bimeng_3.mp3,440146|440147,,sprite/common/elf/head_icon/elf_100020.png,sprite/common/elf/pic/elf_100020.png,sprite/common/elf/head_icon/elf_100020.png,sprite/common/elf/cartoon/100020.png,2,0,1,0,10000,"[1, 2, 3, 4]","[12, 3, 3, 4]",1,50,"[0, 2, 4, 4]",4,0,100030,514,15,"[1, 2, 3, 4, 6]","[10000, 11000, 12000, 13000, 14000, 15000]","['1|5|5|5', '1|10|10|10', '2|15|15|15', '2|20|20|20', '3|25|25|25']",0,1,"[1, 1, 1]","[31, 51, 70]",2,535,30
100021,1000210,1000211,1000212,Lahate_1.mp3|Lahate_2.mp3|Lahate_3.mp3,440148|440149,,sprite/common/elf/head_icon/elf_100021.png,sprite/common/elf/pic/elf_100021.png,sprite/common/elf/head_icon/elf_100021.png,sprite/common/elf/cartoon/100021.png,2,0,2,0,10000,"[1, 2, 3, 4]","[13, 3, 5, 2]",1,50,"[0, 3, 4, 3]",3,0,100031,514,15,"[1, 2, 3, 4, 6]","[10000, 11000, 12000, 13000, 14000, 15000]","['1|5|5|5', '1|10|10|10', '2|15|15|15', '2|20|20|20', '3|25|25|25']",0,1,"[2, 2, 2]","[31, 51, 70]",2,535,30
100022,1000220,1000221,1000222,Hexi_1.mp3|Hexi_2.mp3|Hexi_3.mp3,440150|440151,,sprite/common/elf/head_icon/elf_100022.png,sprite/common/elf/pic/elf_100022.png,sprite/common/elf/head_icon/elf_100022.png,sprite/common/elf/cartoon/100022.png,2,0,3,0,1000,"[1, 2, 3, 4]","[11, 1, 4, 4]",1,50,"[0, 3, 3, 4]",4,0,100032,514,10,"[1, 2, 3, 4, 6]","[10000, 11000, 12000, 13000, 14000, 15000]","['1|5|5|5', '1|10|10|10', '2|15|15|15', '2|20|20|20', '3|25|25|25']",0,1,"[3, 3, 3]","[51, 61, 70]",2,535,30
100023,1000230,1000231,1000232,Lamengde_1.mp3|Lamengde_2.mp3|Lamengde_3.mp3,440152|440153,,sprite/common/elf/head_icon/elf_100023.png,sprite/common/elf/pic/elf_100023.png,sprite/common/elf/head_icon/elf_100023.png,sprite/common/elf/cartoon/100023.png,2,0,4,0,10000,"[1, 2, 3, 4]","[13, 6, 3, 3]",1,50,"[0, 4, 3, 3]",1,0,100033,514,15,"[1, 2, 3, 4, 6]","[10000, 11000, 12000, 13000, 14000, 15000]","['1|5|5|5', '1|10|10|10', '2|15|15|15', '2|20|20|20', '3|25|25|25']",0,1,"[4, 4, 4]","[31, 51, 70]",2,535,30
100024,1000240,1000241,1000242,Kelise_1.mp3|Kelise_2.mp3|Kelise_3.mp3,440154|440155,sprite/common/elf/drawing/pic/draw_100024.png,sprite/common/elf/head_icon/elf_100024.png,sprite/common/elf/pic/elf_100024.png,sprite/common/elf/head_icon/elf_100024.png,sprite/common/elf/cartoon/100024.png,2,0,4,2,10000,"[1, 2, 3, 4]","[12, 2, 4, 4]",1,50,"[0, 2, 4, 4]",3,0,100034,514,15,"[1, 2, 3, 4, 6]","[10000, 11000, 12000, 13000, 14000, 15000]","['1|5|5|5', '1|10|10|10', '2|15|15|15', '2|20|20|20', '3|25|25|25']",0,1,"[102, 102, 102]","[31, 51, 70]",2,535,30
100025,1000250,1000251,1000252,Xilala_1.mp3|Xilala_2.mp3|Xilala_3.mp3,440156|440157,sprite/common/elf/drawing/pic/draw_100025.png,sprite/common/elf/head_icon/elf_100025.png,sprite/common/elf/pic/elf_100025.png,sprite/common/elf/head_icon/elf_100025.png,sprite/common/elf/cartoon/100025.png,2,0,3,2,10000,"[1, 2, 3, 4]","[11, 6, 2, 2]",1,50,"[0, 5, 2, 3]",2,0,100035,514,15,"[1, 2, 3, 4, 6]","[10000, 11000, 12000, 13000, 14000, 15000]","['1|5|5|5', '1|10|10|10', '2|15|15|15', '2|20|20|20', '3|25|25|25']",0,1,"[104, 104, 104]","[31, 51, 70]",2,535,30
100026,1000260,1000261,1000262,Leixiya_1.mp3|Leixiya_2.mp3|Leixiya_3.mp3,440158|440159,sprite/common/elf/drawing/pic/draw_100026.png,sprite/common/elf/head_icon/elf_100026.png,sprite/common/elf/pic/elf_100026.png,sprite/common/elf/head_icon/elf_100026.png,sprite/common/elf/cartoon/100026.png,2,0,3,1,10000,"[1, 2, 3, 4]","[11, 2, 3, 6]",1,50,"[0, 3, 3, 5]",4,0,100036,514,15,"[1, 2, 3, 4, 6]","[10000, 11000, 12000, 13000, 14000, 15000]","['1|5|5|5', '1|10|10|10', '2|15|15|15', '2|20|20|20', '3|25|25|25']",0,1,"[103, 103, 103]","[31, 51, 70]",2,535,30
100027,1000270,1000271,1000272,Kaluoer_1.mp3|Kaluoer_2.mp3|Kaluoer_3.mp3,440002|440003,sprite/common/elf/drawing/pic/draw_100027.png,sprite/common/elf/head_icon/elf_100027.png,sprite/common/elf/pic/elf_100027.png,sprite/common/elf/head_icon/elf_100027.png,sprite/common/elf/cartoon/100027.png,4,0,3,2,10000,"[1, 2, 3, 4]","[18, 8, 8, 2]",1,50,"[0, 7, 6, 3]",2,0,100037,516,5,"[1, 1, 2, 3, 3]","[10000, 11000, 12000, 13000, 14000, 15000]","['1|7|7|7', '1|18|18|18', '2|25|25|25', '3|32|32|32', '4|40|40|40']",0,1,"[74, 74, 74]","[31, 51, 70]",10,535,50
100028,1000280,1000281,1000282,Beidi_1.mp3|Beidi_2.mp3|Beidi_3.mp3,440004|440005,sprite/common/elf/drawing/pic/draw_100028.png,sprite/common/elf/head_icon/elf_100028.png,sprite/common/elf/pic/elf_100028.png,sprite/common/elf/head_icon/elf_100028.png,sprite/common/elf/cartoon/100028.png,5,0,1,4,10000,"[1, 2, 3, 4]","[24, 12, 7, 8]",1,50,"[0, 8, 4, 5]",1,0,100038,517,5,"[1, 1, 1, 1, 2]","[10000, 11000, 12000, 13000, 14000, 15000]","['1|9|9|9', '2|25|25|25', '3|32|32|32', '4|40|40|40', '5|48|48|48']",0,1,"[63, 63, 63]","[31, 51, 70]",25,536,1
100029,1000290,1000291,1000292,Weiduoliya_1.mp3|Weiduoliya_2.mp3|Weiduoliya_3.mp3,440006|440007,sprite/common/elf/drawing/pic/draw_100029.png,sprite/common/elf/head_icon/elf_100029.png,sprite/common/elf/pic/elf_100029.png,sprite/common/elf/head_icon/elf_100029.png,sprite/common/elf/cartoon/100029.png,5,0,4,1,10000,"[1, 2, 3, 4]","[24, 13, 6, 9]",1,50,"[0, 10, 4, 3]",2,0,100039,517,5,"[1, 1, 1, 1, 2]","[10000, 11000, 12000, 13000, 14000, 15000]","['1|9|9|9', '2|25|25|25', '3|32|32|32', '4|40|40|40', '5|48|48|48']",0,1,"[56, 56, 56]","[31, 51, 70]",25,536,1
100030,1000300,1000301,1000302,Bimeng_1.mp3|Bimeng_2.mp3|Bimeng_3.mp3,440146|440147,,sprite/common/elf/head_icon/elf_100030.png,sprite/common/elf/pic/elf_100030.png,sprite/common/elf/head_icon/elf_100030.png,sprite/common/elf/cartoon/100020.png,2,1,1,0,15500,"[1, 2, 3, 4]","[23, 101, 199, 200]",50,70,"[0, 4, 4, 5]",4,100020,0,0,0,"[1, 2, 3, 4, 6]","[10000, 11000, 12000, 13000, 14000, 15000]","['1|5|5|5', '1|10|10|10', '2|15|15|15', '2|20|20|20', '3|25|25|25']",0,1,"[1, 1, 1]","[31, 51, 70]",2,535,30
100031,1000310,1000311,1000312,Lahate_1.mp3|Lahate_2.mp3|Lahate_3.mp3,440148|440149,,sprite/common/elf/head_icon/elf_100031.png,sprite/common/elf/pic/elf_100031.png,sprite/common/elf/head_icon/elf_100031.png,sprite/common/elf/cartoon/100021.png,2,1,2,0,15500,"[1, 2, 3, 4]","[24, 150, 201, 149]",50,70,"[0, 3, 5, 5]",3,100021,0,0,0,"[1, 2, 3, 4, 6]","[10000, 11000, 12000, 13000, 14000, 15000]","['1|5|5|5', '1|10|10|10', '2|15|15|15', '2|20|20|20', '3|25|25|25']",0,1,"[2, 2, 2]","[31, 51, 70]",2,535,30
100032,1000320,1000321,1000322,Hexi_1.mp3|Hexi_2.mp3|Hexi_3.mp3,440150|440151,,sprite/common/elf/head_icon/elf_100032.png,sprite/common/elf/pic/elf_100032.png,sprite/common/elf/head_icon/elf_100032.png,sprite/common/elf/cartoon/100022.png,2,1,3,0,10000,"[1, 2, 3, 4]","[22, 148, 151, 200]",50,70,"[0, 4, 4, 5]",4,100022,0,0,0,"[1, 2, 3, 4, 6]","[10000, 11000, 12000, 13000, 14000, 15000]","['1|5|5|5', '1|10|10|10', '2|15|15|15', '2|20|20|20', '3|25|25|25']",0,1,"[3, 3, 3]","[51, 61, 70]",2,535,30
100033,1000330,1000331,1000332,Lamengde_1.mp3|Lamengde_2.mp3|Lamengde_3.mp3,440152|440153,,sprite/common/elf/head_icon/elf_100033.png,sprite/common/elf/pic/elf_100033.png,sprite/common/elf/head_icon/elf_100033.png,sprite/common/elf/cartoon/100023.png,2,1,4,0,15500,"[1, 2, 3, 4]","[24, 202, 150, 150]",50,70,"[0, 5, 4, 4]",1,100023,0,0,0,"[1, 2, 3, 4, 6]","[10000, 11000, 12000, 13000, 14000, 15000]","['1|5|5|5', '1|10|10|10', '2|15|15|15', '2|20|20|20', '3|25|25|25']",0,1,"[4, 4, 4]","[31, 51, 70]",2,535,30
100034,1000340,1000341,1000342,Kelise_1.mp3|Kelise_2.mp3|Kelise_3.mp3,440154|440155,sprite/common/elf/drawing/pic/draw_100024.png,sprite/common/elf/head_icon/elf_100034.png,sprite/common/elf/pic/elf_100034.png,sprite/common/elf/head_icon/elf_100034.png,sprite/common/elf/cartoon/100024.png,2,1,4,2,15500,"[1, 2, 3, 4]","[24, 100, 200, 200]",50,70,"[0, 3, 5, 5]",4,100024,0,0,0,"[1, 2, 3, 4, 6]","[10000, 11000, 12000, 13000, 14000, 15000]","['1|5|5|5', '1|10|10|10', '2|15|15|15', '2|20|20|20', '3|25|25|25']",0,1,"[102, 102, 102]","[31, 51, 70]",2,535,30
100035,1000350,1000351,1000352,Xilala_1.mp3|Xilala_2.mp3|Xilala_3.mp3,440156|440157,sprite/common/elf/drawing/pic/draw_100025.png,sprite/common/elf/head_icon/elf_100035.png,sprite/common/elf/pic/elf_100035.png,sprite/common/elf/head_icon/elf_100035.png,sprite/common/elf/cartoon/100025.png,2,1,3,2,15500,"[1, 2, 3, 4]","[23, 251, 100, 149]",50,70,"[0, 5, 3, 4]",2,100025,0,0,0,"[1, 2, 3, 4, 6]","[10000, 11000, 12000, 13000, 14000, 15000]","['1|5|5|5', '1|10|10|10', '2|15|15|15', '2|20|20|20', '3|25|25|25']",0,1,"[104, 104, 104]","[31, 51, 70]",2,535,30
100036,1000360,1000361,1000362,Leixiya_1.mp3|Leixiya_2.mp3|Leixiya_3.mp3,440158|440159,sprite/common/elf/drawing/pic/draw_100026.png,sprite/common/elf/head_icon/elf_100036.png,sprite/common/elf/pic/elf_100036.png,sprite/common/elf/head_icon/elf_100036.png,sprite/common/elf/cartoon/100026.png,2,1,3,1,15500,"[1, 2, 3, 4]","[23, 149, 150, 251]",50,70,"[0, 4, 4, 5]",4,100026,0,0,0,"[1, 2, 3, 4, 6]","[10000, 11000, 12000, 13000, 14000, 15000]","['1|5|5|5', '1|10|10|10', '2|15|15|15', '2|20|20|20', '3|25|25|25']",0,1,"[103, 103, 103]","[31, 51, 70]",2,535,30
100037,1000370,1000371,1000372,Kaluoer_1.mp3|Kaluoer_2.mp3|Kaluoer_3.mp3,440002|440003,sprite/common/elf/drawing/pic/draw_100027.png,sprite/common/elf/head_icon/elf_100037.png,sprite/common/elf/pic/elf_100037.png,sprite/common/elf/head_icon/elf_100037.png,sprite/common/elf/cartoon/100027.png,4,1,3,2,18500,"[1, 2, 3, 4]","[38, 351, 302, 149]",50,70,"[0, 8, 6, 4]",2,100027,0,0,0,"[1, 1, 2, 3, 3]","[10000, 11000, 12000, 13000, 14000, 15000]","['1|7|7|7', '1|18|18|18', '2|25|25|25', '3|32|32|32', '4|40|40|40']",0,1,"[74, 74, 74]","[31, 51, 70]",10,535,50
100038,1000380,1000381,1000382,Beidi_1.mp3|Beidi_2.mp3|Beidi_3.mp3,440004|440005,sprite/common/elf/drawing/pic/draw_100028.png,sprite/common/elf/head_icon/elf_100038.png,sprite/common/elf/pic/elf_100038.png,sprite/common/elf/head_icon/elf_100038.png,sprite/common/elf/cartoon/100028.png,5,1,1,4,20000,"[1, 2, 3, 4]","[46, 404, 203, 253]",50,70,"[0, 9, 6, 6]",1,100028,0,0,0,"[1, 1, 1, 1, 2]","[10000, 11000, 12000, 13000, 14000, 15000]","['1|9|9|9', '2|25|25|25', '3|32|32|32', '4|40|40|40', '5|48|48|48']",0,1,"[63, 63, 63]","[31, 51, 70]",25,536,1
100039,1000390,1000391,1000392,Weiduoliya_1.mp3|Weiduoliya_2.mp3|Weiduoliya_3.mp3,440006|440007,sprite/common/elf/drawing/pic/draw_100029.png,sprite/common/elf/head_icon/elf_100039.png,sprite/common/elf/pic/elf_100039.png,sprite/common/elf/head_icon/elf_100039.png,sprite/common/elf/cartoon/100029.png,5,1,4,1,20000,"[1, 2, 3, 4]","[46, 503, 202, 156]",50,70,"[0, 11, 5, 5]",2,100029,0,0,0,"[1, 1, 1, 1, 2]","[10000, 11000, 12000, 13000, 14000, 15000]","['1|9|9|9', '2|25|25|25', '3|32|32|32', '4|40|40|40', '5|48|48|48']",0,2,"[56, 56, 56]","[31, 51, 70]",25,536,1
100040,1000400,1000401,1000402,Jinjin_1.mp3|Jinjin_2.mp3|Jinjin_3.mp3,440008|440009,sprite/common/elf/drawing/pic/draw_100040.png,sprite/common/elf/head_icon/elf_100040.png,sprite/common/elf/pic/elf_100040.png,sprite/common/elf/head_icon/elf_100040.png,sprite/common/elf/cartoon/100040.png,3,0,2,1,10000,"[1, 2, 3, 4]","[12, 5, 6, 4]",1,50,"[0, 3, 6, 4]",3,0,100041,515,10,"[1, 1, 2, 3, 3]","[10000, 11000, 12000, 13000, 14000, 15000]","['1|7|7|7', '1|15|15|15', '2|20|20|20', '3|25|25|25', '3|30|30|30']",0,1,"[101, 101, 101]","[31, 51, 70]",5,535,50
100041,1000410,1000411,1000412,Jinjin_1.mp3|Jinjin_2.mp3|Jinjin_3.mp3,440008|440009,sprite/common/elf/drawing/pic/draw_100040.png,sprite/common/elf/head_icon/elf_100041.png,sprite/common/elf/pic/elf_100041.png,sprite/common/elf/head_icon/elf_100041.png,sprite/common/elf/cartoon/100027.png,3,1,2,1,17000,"[1, 2, 3, 4]","[26, 152, 300, 200]",50,70,"[0, 4, 7, 5]",3,100040,0,0,0,"[1, 1, 2, 3, 3]","[10000, 11000, 12000, 13000, 14000, 15000]","['1|7|7|7', '1|15|15|15', '2|20|20|20', '3|25|25|25', '3|30|30|30']",0,1,"[101, 101, 101]","[31, 51, 70]",5,535,50
100042,1000420,1000421,1000422,Mali_1.mp3|Mali_2.mp3|Mali_3.mp3,440010|440011,sprite/common/elf/drawing/pic/draw_100042.png,sprite/common/elf/head_icon/elf_100042.png,sprite/common/elf/pic/elf_100042.png,sprite/common/elf/head_icon/elf_100042.png,sprite/common/elf/cartoon/100042.png,4,0,1,4,10000,"[1, 2, 3, 4]","[18, 8, 5, 4]",1,50,"[0, 7, 5, 4]",2,0,100043,516,5,"[1, 1, 2, 3, 3]","[10000, 11000, 12000, 13000, 14000, 15000]","['1|7|7|7', '1|18|18|18', '2|25|25|25', '3|32|32|32', '4|40|40|40']",0,1,"[82, 82, 82]","[31, 51, 70]",10,535,50
100043,1000430,1000431,1000432,Mali_1.mp3|Mali_2.mp3|Mali_3.mp3,440010|440011,sprite/common/elf/drawing/pic/draw_100042.png,sprite/common/elf/head_icon/elf_100043.png,sprite/common/elf/pic/elf_100043.png,sprite/common/elf/head_icon/elf_100043.png,sprite/common/elf/cartoon/100027.png,4,1,1,4,18500,"[1, 2, 3, 4]","[38, 351, 250, 200]",50,70,"[0, 8, 6, 5]",2,100042,0,0,0,"[1, 1, 2, 3, 3]","[10000, 11000, 12000, 13000, 14000, 15000]","['1|7|7|7', '1|18|18|18', '2|25|25|25', '3|32|32|32', '4|40|40|40']",0,1,"[82, 82, 82]","[31, 51, 70]",10,535,50
100044,1000440,1000441,1000442,Kelin_1.mp3|Kelin_2.mp3|Kelin_3.mp3,440012|440013,sprite/common/elf/drawing/pic/draw_100044.png,sprite/common/elf/head_icon/elf_100044.png,sprite/common/elf/pic/elf_100044.png,sprite/common/elf/head_icon/elf_100044.png,sprite/common/elf/cartoon/100044.png,3,0,3,2,10000,"[1, 2, 3, 4]","[16, 4, 6, 5]",1,50,"[0, 3, 6, 3]",1,0,100045,515,10,"[1, 1, 2, 3, 3]","[10000, 11000, 12000, 13000, 14000, 15000]","['1|7|7|7', '1|15|15|15', '2|20|20|20', '3|25|25|25', '3|30|30|30']",0,1,"[100, 100, 100]","[31, 51, 70]",5,535,50
100045,1000450,1000451,1000452,Kelin_1.mp3|Kelin_2.mp3|Kelin_3.mp3,440012|440013,sprite/common/elf/drawing/pic/draw_100044.png,sprite/common/elf/head_icon/elf_100045.png,sprite/common/elf/pic/elf_100045.png,sprite/common/elf/head_icon/elf_100045.png,sprite/common/elf/cartoon/100027.png,3,1,3,2,17000,"[1, 2, 3, 4]","[30, 151, 300, 152]",50,70,"[0, 4, 7, 4]",1,100044,0,0,0,"[1, 1, 2, 3, 3]","[10000, 11000, 12000, 13000, 14000, 15000]","['1|7|7|7', '1|15|15|15', '2|20|20|20', '3|25|25|25', '3|30|30|30']",0,1,"[100, 100, 100]","[31, 51, 70]",5,535,50
100046,1000460,1000461,1000462,Wang_1.mp3|Wang_2.mp3|Wang_3.mp3,440014|440015,sprite/common/elf/drawing/pic/draw_100046.png,sprite/common/elf/head_icon/elf_100046.png,sprite/common/elf/pic/elf_100046.png,sprite/common/elf/head_icon/elf_100046.png,sprite/common/elf/cartoon/100046.png,5,0,3,1,10000,"[1, 2, 3, 4]","[24, 9, 9, 8]",1,50,"[0, 6, 6, 5]",1,0,100047,517,5,"[1, 1, 1, 1, 2]","[10000, 11000, 12000, 13000, 14000, 15000]","['1|9|9|9', '2|25|25|25', '3|32|32|32', '4|40|40|40', '5|48|48|48']",0,1,"[83, 83, 83]","[31, 51, 70]",25,536,1
100047,1000470,1000471,1000472,Wang_1.mp3|Wang_2.mp3|Wang_3.mp3,440014|440015,sprite/common/elf/drawing/pic/draw_100046.png,sprite/common/elf/head_icon/elf_100047.png,sprite/common/elf/pic/elf_100047.png,sprite/common/elf/head_icon/elf_100047.png,sprite/common/elf/cartoon/100027.png,5,1,3,1,20000,"[1, 2, 3, 4]","[46, 303, 303, 253]",50,70,"[0, 7, 7, 6]",1,100046,0,0,0,"[1, 1, 1, 1, 2]","[10000, 11000, 12000, 13000, 14000, 15000]","['1|9|9|9', '2|25|25|25', '3|32|32|32', '4|40|40|40', '5|48|48|48']",0,1,"[83, 83, 83]","[31, 51, 70]",25,536,1
100048,1000480,1000481,1000482,Talante_1.mp3|Talante_2.mp3|Talante_3.mp3,440016|440017,sprite/common/elf/drawing/pic/draw_100048.png,sprite/common/elf/head_icon/elf_100048.png,sprite/common/elf/pic/elf_100048.png,sprite/common/elf/head_icon/elf_100048.png,sprite/common/elf/cartoon/100048.png,4,0,3,2,10000,"[1, 2, 3, 4]","[19, 5, 8, 4]",1,50,"[0, 4, 7, 4]",3,0,100049,516,5,"[1, 1, 2, 3, 3]","[10000, 11000, 12000, 13000, 14000, 15000]","['1|7|7|7', '1|18|18|18', '2|25|25|25', '3|32|32|32', '4|40|40|40']",0,1,"[85, 85, 85]","[31, 51, 70]",10,535,50
100049,1000490,1000491,1000492,Talante_1.mp3|Talante_2.mp3|Talante_3.mp3,440016|440017,sprite/common/elf/drawing/pic/draw_100048.png,sprite/common/elf/head_icon/elf_100049.png,sprite/common/elf/pic/elf_100049.png,sprite/common/elf/head_icon/elf_100049.png,sprite/common/elf/cartoon/100027.png,4,1,3,2,18500,"[1, 2, 3, 4]","[39, 201, 351, 200]",50,70,"[0, 5, 8, 5]",3,100048,0,0,0,"[1, 1, 2, 3, 3]","[10000, 11000, 12000, 13000, 14000, 15000]","['1|7|7|7', '1|18|18|18', '2|25|25|25', '3|32|32|32', '4|40|40|40']",0,1,"[85, 85, 85]","[31, 51, 70]",10,535,50
100050,1000500,1000501,1000502,Laimu_1.mp3|Laimu_2.mp3|Laimu_3.mp3,440018|440019,,sprite/common/elf/head_icon/elf_100050.png,sprite/common/elf/pic/elf_100050.png,sprite/common/elf/head_icon/elf_100050.png,sprite/common/elf/cartoon/100050.png,1,0,1,0,9000,"[1, 2, 3, 4]","[10, 2, 2, 3]",1,50,"[0, 2, 3, 3]",2,0,100051,513,20,"[1, 2, 3, 4, 6]","[10000, 11000, 12000, 13000, 14000, 15000]","['1|5|5|5', '1|8|8|8', '1|10|10|10', '2|12|12|12', '2|15|15|15']",0,1,"[1, 1, 1]","[31, 51, 70]",1,535,30
100051,1000510,1000511,1000512,Laimu_1.mp3|Laimu_2.mp3|Laimu_3.mp3,440018|440019,,sprite/common/elf/head_icon/elf_100051.png,sprite/common/elf/pic/elf_100051.png,sprite/common/elf/head_icon/elf_100051.png,sprite/common/elf/cartoon/100027.png,1,1,1,0,14000,"[1, 2, 3, 4]","[20, 100, 149, 150]",50,70,"[0, 3, 4, 3]",2,100050,0,0,0,"[1, 2, 3, 4, 6]","[10000, 11000, 12000, 13000, 14000, 15000]","['1|5|5|5', '1|8|8|8', '1|10|10|10', '2|12|12|12', '2|15|15|15']",0,1,"[1, 1, 1]","[31, 51, 70]",1,535,30
100052,1000520,1000521,1000522,Laimu_1.mp3|Laimu_2.mp3|Laimu_3.mp3,440020|440021,,sprite/common/elf/head_icon/elf_100052.png,sprite/common/elf/pic/elf_100052.png,sprite/common/elf/head_icon/elf_100052.png,sprite/common/elf/cartoon/100052.png,1,0,2,0,9000,"[1, 2, 3, 4]","[11, 2, 4, 1]",1,50,"[0, 2, 4, 2]",3,0,100053,513,20,"[1, 2, 3, 4, 6]","[10000, 11000, 12000, 13000, 14000, 15000]","['1|5|5|5', '1|8|8|8', '1|10|10|10', '2|12|12|12', '2|15|15|15']",0,1,"[2, 2, 2]","[31, 51, 70]",1,535,30
100053,1000530,1000531,1000532,Laimu_1.mp3|Laimu_2.mp3|Laimu_3.mp3,440020|440021,,sprite/common/elf/head_icon/elf_100053.png,sprite/common/elf/pic/elf_100053.png,sprite/common/elf/head_icon/elf_100053.png,sprite/common/elf/cartoon/100027.png,1,1,2,0,14000,"[1, 2, 3, 4]","[21, 100, 200, 99]",50,70,"[0, 3, 4, 3]",3,100052,0,0,0,"[1, 2, 3, 4, 6]","[10000, 11000, 12000, 13000, 14000, 15000]","['1|5|5|5', '1|8|8|8', '1|10|10|10', '2|12|12|12', '2|15|15|15']",0,1,"[2, 2, 2]","[31, 51, 70]",1,535,30
100054,1000540,1000541,1000542,Laimu_1.mp3|Laimu_2.mp3|Laimu_3.mp3,440022|440023,,sprite/common/elf/head_icon/elf_100054.png,sprite/common/elf/pic/elf_100054.png,sprite/common/elf/head_icon/elf_100054.png,sprite/common/elf/cartoon/100054.png,1,0,3,0,9000,"[1, 2, 3, 4]","[9, 2, 2, 3]",1,50,"[0, 3, 3, 3]",4,0,100055,513,20,"[1, 2, 3, 4, 6]","[10000, 11000, 12000, 13000, 14000, 15000]","['1|5|5|5', '1|8|8|8', '1|10|10|10', '2|12|12|12', '2|15|15|15']",0,1,"[3, 3, 3]","[31, 51, 70]",1,535,30
100055,1000550,1000551,1000552,Laimu_1.mp3|Laimu_2.mp3|Laimu_3.mp3,440022|440023,,sprite/common/elf/head_icon/elf_100055.png,sprite/common/elf/pic/elf_100055.png,sprite/common/elf/head_icon/elf_100055.png,sprite/common/elf/cartoon/100027.png,1,1,3,0,14000,"[1, 2, 3, 4]","[19, 149, 149, 150]",50,70,"[0, 3, 3, 4]",4,100054,0,0,0,"[1, 2, 3, 4, 6]","[10000, 11000, 12000, 13000, 14000, 15000]","['1|5|5|5', '1|8|8|8', '1|10|10|10', '2|12|12|12', '2|15|15|15']",0,1,"[3, 3, 3]","[31, 51, 70]",1,535,30
100056,1000560,1000561,1000562,Laimu_1.mp3|Laimu_2.mp3|Laimu_3.mp3,440024|440025,,sprite/common/elf/head_icon/elf_100056.png,sprite/common/elf/pic/elf_100056.png,sprite/common/elf/head_icon/elf_100056.png,sprite/common/elf/cartoon/100056.png,1,0,4,0,9000,"[1, 2, 3, 4]","[10, 2, 1, 3]",1,50,"[0, 3, 2, 4]",1,0,100057,513,20,"[1, 2, 3, 4, 6]","[10000, 11000, 12000, 13000, 14000, 15000]","['1|5|5|5', '1|8|8|8', '1|10|10|10', '2|12|12|12', '2|15|15|15']",0,1,"[4, 4, 4]","[31, 51, 70]",1,535,30
100057,1000570,1000571,1000572,Laimu_1.mp3|Laimu_2.mp3|Laimu_3.mp3,440024|440025,,sprite/common/elf/head_icon/elf_100057.png,sprite/common/elf/pic/elf_100057.png,sprite/common/elf/head_icon/elf_100057.png,sprite/common/elf/cartoon/100027.png,1,1,4,0,14000,"[1, 2, 3, 4]","[20, 149, 99, 199]",50,70,"[0, 3, 3, 4]",1,100056,0,0,0,"[1, 2, 3, 4, 6]","[10000, 11000, 12000, 13000, 14000, 15000]","['1|5|5|5', '1|8|8|8', '1|10|10|10', '2|12|12|12', '2|15|15|15']",0,1,"[4, 4, 4]","[31, 51, 70]",1,535,30
100058,1000580,1000581,1000582,Fuyue_1.mp3|Fuyue_2.mp3|Fuyue_3.mp3,440026|440027,sprite/common/elf/drawing/pic/draw_100058.png,sprite/common/elf/head_icon/elf_100058.png,sprite/common/elf/pic/elf_100058.png,sprite/common/elf/head_icon/elf_100058.png,sprite/common/elf/cartoon/100058.png,3,0,2,4,10000,"[1, 2, 3, 4]","[12, 2, 6, 7]",1,50,"[0, 2, 5, 6]",4,0,100059,515,10,"[1, 1, 2, 3, 3]","[10000, 11000, 12000, 13000, 14000, 15000]","['1|7|7|7', '1|15|15|15', '2|20|20|20', '3|25|25|25', '3|30|30|30']",0,1,"[94, 94, 94]","[31, 51, 70]",5,535,50
100059,1000590,1000591,1000592,Fuyue_1.mp3|Fuyue_2.mp3|Fuyue_3.mp3,440026|440027,sprite/common/elf/drawing/pic/draw_100058.png,sprite/common/elf/head_icon/elf_100059.png,sprite/common/elf/pic/elf_100059.png,sprite/common/elf/head_icon/elf_100059.png,sprite/common/elf/cartoon/100027.png,3,1,2,4,17000,"[1, 2, 3, 4]","[26, 100, 251, 301]",50,70,"[0, 3, 6, 7]",4,100058,0,0,0,"[1, 1, 2, 3, 3]","[10000, 11000, 12000, 13000, 14000, 15000]","['1|7|7|7', '1|15|15|15', '2|20|20|20', '3|25|25|25', '3|30|30|30']",0,1,"[94, 94, 94]","[31, 51, 70]",5,535,50
100060,1000600,1000601,1000602,Buer_1.mp3|Buer_2.mp3|Buer_3.mp3,440028|440029,sprite/common/elf/drawing/pic/draw_100060.png,sprite/common/elf/head_icon/elf_100060.png,sprite/common/elf/pic/elf_100060.png,sprite/common/elf/head_icon/elf_100060.png,sprite/common/elf/cartoon/100060.png,3,0,1,3,10000,"[1, 2, 3, 4]","[16, 4, 4, 7]",1,50,"[0, 3, 3, 6]",4,0,100061,515,10,"[1, 1, 2, 3, 3]","[10000, 11000, 12000, 13000, 14000, 15000]","['1|7|7|7', '1|15|15|15', '2|20|20|20', '3|25|25|25', '3|30|30|30']",0,1,"[91, 91, 91]","[31, 51, 70]",5,535,50
100061,1000610,1000611,1000612,Buer_1.mp3|Buer_2.mp3|Buer_3.mp3,440028|440029,sprite/common/elf/drawing/pic/draw_100060.png,sprite/common/elf/head_icon/elf_100061.png,sprite/common/elf/pic/elf_100061.png,sprite/common/elf/head_icon/elf_100061.png,sprite/common/elf/cartoon/100027.png,3,1,1,3,17000,"[1, 2, 3, 4]","[30, 151, 151, 301]",50,70,"[0, 3, 5, 7]",4,100060,0,0,0,"[1, 1, 2, 3, 3]","[10000, 11000, 12000, 13000, 14000, 15000]","['1|7|7|7', '1|15|15|15', '2|20|20|20', '3|25|25|25', '3|30|30|30']",0,1,"[91, 91, 91]","[31, 51, 70]",5,535,50
100062,1000620,1000621,1000622,Siwen_1.mp3|Siwen_2.mp3|Siwen_3.mp3,440030|440031,sprite/common/elf/drawing/pic/draw_100062.png,sprite/common/elf/head_icon/elf_100062.png,sprite/common/elf/pic/elf_100062.png,sprite/common/elf/head_icon/elf_100062.png,sprite/common/elf/cartoon/100062.png,4,0,1,2,10000,"[1, 2, 3, 4]","[16, 4, 8, 7]",1,50,"[0, 4, 6, 5]",3,0,100063,516,5,"[1, 1, 2, 3, 3]","[10000, 11000, 12000, 13000, 14000, 15000]","['1|7|7|7', '1|18|18|18', '2|25|25|25', '3|32|32|32', '4|40|40|40']",0,1,"[84, 84, 84]","[31, 51, 70]",10,535,50
100063,1000630,1000631,1000632,Siwen_1.mp3|Siwen_2.mp3|Siwen_3.mp3,440030|440031,sprite/common/elf/drawing/pic/draw_100062.png,sprite/common/elf/head_icon/elf_100063.png,sprite/common/elf/pic/elf_100063.png,sprite/common/elf/head_icon/elf_100063.png,sprite/common/elf/cartoon/100027.png,4,1,1,2,18500,"[1, 2, 3, 4]","[36, 200, 302, 252]",50,70,"[0, 5, 7, 6]",3,100062,0,0,0,"[1, 1, 2, 3, 3]","[10000, 11000, 12000, 13000, 14000, 15000]","['1|7|7|7', '1|18|18|18', '2|25|25|25', '3|32|32|32', '4|40|40|40']",0,1,"[84, 84, 84]","[31, 51, 70]",10,535,50
100064,1000640,1000641,1000642,Miuen_1.mp3|Miuen_2.mp3|Miuen_3.mp3,440032|440033,sprite/common/elf/drawing/pic/draw_100064.png,sprite/common/elf/head_icon/elf_100064.png,sprite/common/elf/pic/elf_100064.png,sprite/common/elf/head_icon/elf_100064.png,sprite/common/elf/cartoon/100064.png,4,0,2,3,10000,"[1, 2, 3, 4]","[17, 3, 8, 8]",1,50,"[0, 3, 7, 6]",3,0,100065,516,5,"[1, 1, 2, 3, 3]","[10000, 11000, 12000, 13000, 14000, 15000]","['1|7|7|7', '1|18|18|18', '2|25|25|25', '3|32|32|32', '4|40|40|40']",0,1,"[80, 80, 80]","[31, 51, 70]",10,535,50
100065,1000650,1000651,1000652,Miuen_1.mp3|Miuen_2.mp3|Miuen_3.mp3,440032|440033,sprite/common/elf/drawing/pic/draw_100064.png,sprite/common/elf/head_icon/elf_100065.png,sprite/common/elf/pic/elf_100065.png,sprite/common/elf/head_icon/elf_100065.png,sprite/common/elf/cartoon/100027.png,4,1,2,3,18500,"[1, 2, 3, 4]","[37, 150, 351, 302]",50,70,"[0, 3, 8, 7]",3,100064,0,0,0,"[1, 1, 2, 3, 3]","[10000, 11000, 12000, 13000, 14000, 15000]","['1|7|7|7', '1|18|18|18', '2|25|25|25', '3|32|32|32', '4|40|40|40']",0,1,"[80, 80, 80]","[31, 51, 70]",10,535,50
100066,1000660,1000661,1000662,Hui_1.mp3|Hui_2.mp3|Hui_3.mp3,440034|440035,sprite/common/elf/drawing/pic/draw_100066.png,sprite/common/elf/head_icon/elf_100066.png,sprite/common/elf/pic/elf_100066.png,sprite/common/elf/head_icon/elf_100066.png,sprite/common/elf/cartoon/100066.png,5,0,2,3,10000,"[1, 2, 3, 4]","[23, 7, 7, 13]",1,50,"[0, 5, 5, 8]",4,0,100067,517,5,"[1, 1, 1, 1, 2]","[10000, 11000, 12000, 13000, 14000, 15000]","['1|9|9|9', '2|25|25|25', '3|32|32|32', '4|40|40|40', '5|48|48|48']",0,1,"[71, 71, 71]","[31, 51, 70]",25,536,1
100067,1000670,1000671,1000672,Hui_1.mp3|Hui_2.mp3|Hui_3.mp3,440034|440035,sprite/common/elf/drawing/pic/draw_100066.png,sprite/common/elf/head_icon/elf_100067.png,sprite/common/elf/pic/elf_100067.png,sprite/common/elf/head_icon/elf_100067.png,sprite/common/elf/cartoon/100027.png,5,1,2,3,20000,"[1, 2, 3, 4]","[45, 252, 252, 405]",50,70,"[0, 6, 6, 9]",4,100066,0,0,0,"[1, 1, 1, 1, 2]","[10000, 11000, 12000, 13000, 14000, 15000]","['1|9|9|9', '2|25|25|25', '3|32|32|32', '4|40|40|40', '5|48|48|48']",0,1,"[71, 71, 71]","[31, 51, 70]",25,536,1
100068,1000680,1000681,1000682,Alating_1.mp3|Alating_2.mp3|Alating_3.mp3,440036|440037,sprite/common/elf/drawing/pic/draw_100068.png,sprite/common/elf/head_icon/elf_100068.png,sprite/common/elf/pic/elf_100068.png,sprite/common/elf/head_icon/elf_100068.png,sprite/common/elf/cartoon/100068.png,5,0,2,4,10000,"[1, 2, 3, 4]","[20, 5, 13, 11]",1,50,"[0, 3, 10, 4]",3,0,100069,517,5,"[1, 1, 1, 1, 2]","[10000, 11000, 12000, 13000, 14000, 15000]","['1|9|9|9', '2|25|25|25', '3|32|32|32', '4|40|40|40', '5|48|48|48']",0,1,"[53, 53, 53]","[31, 51, 70]",25,536,1
100069,1000690,1000691,1000692,Alating_1.mp3|Alating_2.mp3|Alating_3.mp3,440036|440037,sprite/common/elf/drawing/pic/draw_100068.png,sprite/common/elf/head_icon/elf_100069.png,sprite/common/elf/pic/elf_100069.png,sprite/common/elf/head_icon/elf_100069.png,sprite/common/elf/cartoon/100027.png,5,1,2,4,20000,"[1, 2, 3, 4]","[42, 152, 503, 207]",50,70,"[0, 4, 10, 7]",3,100068,0,0,0,"[1, 1, 1, 1, 2]","[10000, 11000, 12000, 13000, 14000, 15000]","['1|9|9|9', '2|25|25|25', '3|32|32|32', '4|40|40|40', '5|48|48|48']",0,1,"[53, 53, 53]","[31, 51, 70]",25,536,1
100070,1000700,1000701,1000702,Wula_1.mp3|Wula_2.mp3|Wula_3.mp3,440038|440039,sprite/common/elf/drawing/pic/draw_100070.png,sprite/common/elf/head_icon/elf_100070.png,sprite/common/elf/pic/elf_100070.png,sprite/common/elf/head_icon/elf_100070.png,sprite/common/elf/cartoon/100070.png,5,0,4,3,10000,"[1, 2, 3, 4]","[20, 11, 4, 12]",1,50,"[0, 8, 2, 8]",4,0,100071,517,5,"[1, 1, 1, 1, 2]","[10000, 11000, 12000, 13000, 14000, 15000]","['1|9|9|9', '2|25|25|25', '3|32|32|32', '4|40|40|40', '5|48|48|48']",0,1,"[68, 68, 68]","[31, 51, 70]",25,536,1
100071,1000710,1000711,1000712,Wula_1.mp3|Wula_2.mp3|Wula_3.mp3,440038|440039,sprite/common/elf/drawing/pic/draw_100070.png,sprite/common/elf/head_icon/elf_100071.png,sprite/common/elf/pic/elf_100071.png,sprite/common/elf/head_icon/elf_100071.png,sprite/common/elf/cartoon/100027.png,5,1,4,3,20000,"[1, 2, 3, 4]","[42, 403, 102, 404]",50,70,"[0, 9, 3, 9]",4,100070,0,0,0,"[1, 1, 1, 1, 2]","[10000, 11000, 12000, 13000, 14000, 15000]","['1|9|9|9', '2|25|25|25', '3|32|32|32', '4|40|40|40', '5|48|48|48']",0,1,"[68, 68, 68]","[31, 51, 70]",25,536,1
100072,1000720,1000721,1000722,Hong_1.mp3|Hong_2.mp3|Hong_3.mp3,440040|440041,sprite/common/elf/drawing/pic/draw_100072.png,sprite/common/elf/head_icon/elf_100072.png,sprite/common/elf/pic/elf_100072.png,sprite/common/elf/head_icon/elf_100072.png,sprite/common/elf/cartoon/100072.png,5,0,1,2,10000,"[1, 2, 3, 4]","[24, 12, 8, 7]",1,50,"[0, 10, 5, 2]",2,0,100073,517,5,"[1, 1, 1, 1, 2]","[10000, 11000, 12000, 13000, 14000, 15000]","['1|9|9|9', '2|25|25|25', '3|32|32|32', '4|40|40|40', '5|48|48|48']",0,1,"[54, 54, 54]","[31, 51, 70]",25,536,1
100073,1000730,1000731,1000732,Hong_1.mp3|Hong_2.mp3|Hong_3.mp3,440040|440041,sprite/common/elf/drawing/pic/draw_100072.png,sprite/common/elf/head_icon/elf_100073.png,sprite/common/elf/pic/elf_100073.png,sprite/common/elf/head_icon/elf_100073.png,sprite/common/elf/cartoon/100027.png,5,1,1,2,20000,"[1, 2, 3, 4]","[46, 502, 253, 105]",50,70,"[0, 11, 5, 5]",2,100072,0,0,0,"[1, 1, 1, 1, 2]","[10000, 11000, 12000, 13000, 14000, 15000]","['1|9|9|9', '2|25|25|25', '3|32|32|32', '4|40|40|40', '5|48|48|48']",0,1,"[54, 54, 54]","[31, 51, 70]",25,536,1
100074,1000740,1000741,1000742,Shaxi_1.mp3|Shaxi_2.mp3|Shaxi_3.mp3,440042|440043,,sprite/common/elf/head_icon/elf_100074.png,sprite/common/elf/pic/elf_100074.png,sprite/common/elf/head_icon/elf_100074.png,sprite/common/elf/cartoon/100074.png,2,0,1,0,10000,"[1, 2, 3, 4]","[12, 3, 2, 3]",1,50,"[0, 4, 3, 3]",2,0,100075,514,15,"[1, 2, 3, 4, 6]","[10000, 11000, 12000, 13000, 14000, 15000]","['1|5|5|5', '1|10|10|10', '2|15|15|15', '2|20|20|20', '3|25|25|25']",0,1,"[1, 1, 1]","[31, 51, 70]",2,535,30
100075,1000750,1000751,1000752,Shaxi_1.mp3|Shaxi_2.mp3|Shaxi_3.mp3,440042|440043,,sprite/common/elf/head_icon/elf_100075.png,sprite/common/elf/pic/elf_100075.png,sprite/common/elf/head_icon/elf_100075.png,sprite/common/elf/cartoon/100027.png,2,1,1,0,15500,"[1, 2, 3, 4]","[24, 199, 149, 150]",50,70,"[0, 4, 4, 4]",2,100074,0,0,0,"[1, 2, 3, 4, 6]","[10000, 11000, 12000, 13000, 14000, 15000]","['1|5|5|5', '1|10|10|10', '2|15|15|15', '2|20|20|20', '3|25|25|25']",0,1,"[1, 1, 1]","[31, 51, 70]",2,535,30
100076,1000760,1000761,1000762,Shaxi_1.mp3|Shaxi_2.mp3|Shaxi_3.mp3,440044|440045,,sprite/common/elf/head_icon/elf_100076.png,sprite/common/elf/pic/elf_100076.png,sprite/common/elf/head_icon/elf_100076.png,sprite/common/elf/cartoon/100076.png,2,0,2,0,10000,"[1, 2, 3, 4]","[11, 2, 4, 3]",1,50,"[0, 2, 4, 4]",3,0,100077,514,15,"[1, 2, 3, 4, 6]","[10000, 11000, 12000, 13000, 14000, 15000]","['1|5|5|5', '1|10|10|10', '2|15|15|15', '2|20|20|20', '3|25|25|25']",0,1,"[2, 2, 2]","[31, 51, 70]",2,535,30
100077,1000770,1000771,1000772,Shaxi_1.mp3|Shaxi_2.mp3|Shaxi_3.mp3,440044|440045,,sprite/common/elf/head_icon/elf_100077.png,sprite/common/elf/pic/elf_100077.png,sprite/common/elf/head_icon/elf_100077.png,sprite/common/elf/cartoon/100027.png,2,1,2,0,15500,"[1, 2, 3, 4]","[23, 100, 200, 199]",50,70,"[0, 3, 5, 5]",3,100076,0,0,0,"[1, 2, 3, 4, 6]","[10000, 11000, 12000, 13000, 14000, 15000]","['1|5|5|5', '1|10|10|10', '2|15|15|15', '2|20|20|20', '3|25|25|25']",0,1,"[2, 2, 2]","[31, 51, 70]",2,535,30
100078,1000780,1000781,1000782,Shaxi_1.mp3|Shaxi_2.mp3|Shaxi_3.mp3,440046|440047,,sprite/common/elf/head_icon/elf_100078.png,sprite/common/elf/pic/elf_100078.png,sprite/common/elf/head_icon/elf_100078.png,sprite/common/elf/cartoon/100078.png,2,0,3,0,10000,"[1, 2, 3, 4]","[13, 4, 1, 4]",1,50,"[0, 4, 2, 4]",4,0,100079,514,15,"[1, 2, 3, 4, 6]","[10000, 11000, 12000, 13000, 14000, 15000]","['1|5|5|5', '1|10|10|10', '2|15|15|15', '2|20|20|20', '3|25|25|25']",0,1,"[3, 3, 3]","[31, 51, 70]",2,535,30
100079,1000790,1000791,1000792,Shaxi_1.mp3|Shaxi_2.mp3|Shaxi_3.mp3,440046|440047,,sprite/common/elf/head_icon/elf_100079.png,sprite/common/elf/pic/elf_100079.png,sprite/common/elf/head_icon/elf_100079.png,sprite/common/elf/cartoon/100027.png,2,1,3,0,15500,"[1, 2, 3, 4]","[25, 200, 99, 200]",50,70,"[0, 5, 3, 5]",4,100078,0,0,0,"[1, 2, 3, 4, 6]","[10000, 11000, 12000, 13000, 14000, 15000]","['1|5|5|5', '1|10|10|10', '2|15|15|15', '2|20|20|20', '3|25|25|25']",0,1,"[3, 3, 3]","[31, 51, 70]",2,535,30
100080,1000800,1000801,1000802,Shaxi_1.mp3|Shaxi_2.mp3|Shaxi_3.mp3,440048|440049,,sprite/common/elf/head_icon/elf_100080.png,sprite/common/elf/pic/elf_100080.png,sprite/common/elf/head_icon/elf_100080.png,sprite/common/elf/cartoon/100080.png,2,0,4,0,10000,"[1, 2, 3, 4]","[12, 2, 4, 2]",1,50,"[0, 3, 4, 3]",3,0,100081,514,15,"[1, 2, 3, 4, 6]","[10000, 11000, 12000, 13000, 14000, 15000]","['1|5|5|5', '1|10|10|10', '2|15|15|15', '2|20|20|20', '3|25|25|25']",0,1,"[4, 4, 4]","[31, 51, 70]",2,535,30
100081,1000810,1000811,1000812,Shaxi_1.mp3|Shaxi_2.mp3|Shaxi_3.mp3,440048|440049,,sprite/common/elf/head_icon/elf_100081.png,sprite/common/elf/pic/elf_100081.png,sprite/common/elf/head_icon/elf_100081.png,sprite/common/elf/cartoon/100027.png,2,1,4,0,15500,"[1, 2, 3, 4]","[24, 149, 200, 149]",50,70,"[0, 4, 5, 4]",3,100080,0,0,0,"[1, 2, 3, 4, 6]","[10000, 11000, 12000, 13000, 14000, 15000]","['1|5|5|5', '1|10|10|10', '2|15|15|15', '2|20|20|20', '3|25|25|25']",0,1,"[4, 4, 4]","[31, 51, 70]",2,535,30
100082,1000820,1000821,1000822,Guanguan_1.mp3|Guanguan_2.mp3|Guanguan_3.mp3,440050|440051,,sprite/common/elf/head_icon/elf_100082.png,sprite/common/elf/pic/elf_100082.png,sprite/common/elf/head_icon/elf_100082.png,sprite/common/elf/cartoon/100082.png,1,0,2,1,10000,"[1, 2, 3, 4]","[10, 4, 2, 1]",1,50,"[0, 4, 3, 1]",2,0,100083,513,20,"[1, 2, 3, 4, 6]","[10000, 11000, 12000, 13000, 14000, 15000]","['1|5|5|5', '1|8|8|8', '1|10|10|10', '2|12|12|12', '2|15|15|15']",0,1,"[1, 1, 1]","[31, 51, 70]",1,535,30
100083,1000830,1000831,1000832,Guanguan_1.mp3|Guanguan_2.mp3|Guanguan_3.mp3,440050|440051,,sprite/common/elf/head_icon/elf_100083.png,sprite/common/elf/pic/elf_100083.png,sprite/common/elf/head_icon/elf_100083.png,sprite/common/elf/cartoon/100027.png,1,1,2,1,14000,"[1, 2, 3, 4]","[20, 200, 149, 50]",50,70,"[0, 4, 3, 3]",2,100082,0,0,0,"[1, 2, 3, 4, 6]","[10000, 11000, 12000, 13000, 14000, 15000]","['1|5|5|5', '1|8|8|8', '1|10|10|10', '2|12|12|12', '2|15|15|15']",0,1,"[1, 1, 1]","[31, 51, 70]",1,535,30
100084,1000840,1000841,1000842,Guanguan_1.mp3|Guanguan_2.mp3|Guanguan_3.mp3,440052|440053,,sprite/common/elf/head_icon/elf_100084.png,sprite/common/elf/pic/elf_100084.png,sprite/common/elf/head_icon/elf_100084.png,sprite/common/elf/cartoon/100084.png,1,0,2,3,10000,"[1, 2, 3, 4]","[11, 1, 4, 1]",1,50,"[0, 1, 4, 3]",3,0,100085,513,20,"[1, 2, 3, 4, 6]","[10000, 11000, 12000, 13000, 14000, 15000]","['1|5|5|5', '1|8|8|8', '1|10|10|10', '2|12|12|12', '2|15|15|15']",0,1,"[3, 3, 3]","[31, 51, 70]",1,535,30
100085,1000850,1000851,1000852,Guanguan_1.mp3|Guanguan_2.mp3|Guanguan_3.mp3,440052|440053,,sprite/common/elf/head_icon/elf_100085.png,sprite/common/elf/pic/elf_100085.png,sprite/common/elf/head_icon/elf_100085.png,sprite/common/elf/cartoon/100027.png,1,1,2,3,14000,"[1, 2, 3, 4]","[21, 50, 200, 148]",50,70,"[0, 2, 5, 3]",3,100084,0,0,0,"[1, 2, 3, 4, 6]","[10000, 11000, 12000, 13000, 14000, 15000]","['1|5|5|5', '1|8|8|8', '1|10|10|10', '2|12|12|12', '2|15|15|15']",0,1,"[3, 3, 3]","[31, 51, 70]",1,535,30
100086,1000860,1000861,1000862,Guanguan_1.mp3|Guanguan_2.mp3|Guanguan_3.mp3,440054|440055,,sprite/common/elf/head_icon/elf_100086.png,sprite/common/elf/pic/elf_100086.png,sprite/common/elf/head_icon/elf_100086.png,sprite/common/elf/cartoon/100086.png,1,0,2,4,10000,"[1, 2, 3, 4]","[9, 1, 2, 3]",1,50,"[0, 1, 3, 4]",4,0,100087,513,20,"[1, 2, 3, 4, 6]","[10000, 11000, 12000, 13000, 14000, 15000]","['1|5|5|5', '1|8|8|8', '1|10|10|10', '2|12|12|12', '2|15|15|15']",0,1,"[4, 4, 4]","[31, 51, 70]",1,535,30
100087,1000870,1000871,1000872,Guanguan_1.mp3|Guanguan_2.mp3|Guanguan_3.mp3,440054|440055,,sprite/common/elf/head_icon/elf_100087.png,sprite/common/elf/pic/elf_100087.png,sprite/common/elf/head_icon/elf_100087.png,sprite/common/elf/cartoon/100027.png,1,1,2,4,14000,"[1, 2, 3, 4]","[19, 50, 149, 199]",50,70,"[0, 2, 3, 5]",4,100086,0,0,0,"[1, 2, 3, 4, 6]","[10000, 11000, 12000, 13000, 14000, 15000]","['1|5|5|5', '1|8|8|8', '1|10|10|10', '2|12|12|12', '2|15|15|15']",0,1,"[4, 4, 4]","[31, 51, 70]",1,535,30
100088,1000880,1000881,1000882,Zhu_1.mp3|Zhu_2.mp3|Zhu_3.mp3,440056|440057,sprite/common/elf/drawing/pic/draw_100088.png,sprite/common/elf/head_icon/elf_100088.png,sprite/common/elf/pic/elf_100088.png,sprite/common/elf/head_icon/elf_100088.png,sprite/common/elf/cartoon/100088.png,3,0,3,1,10000,"[1, 2, 3, 4]","[12, 8, 8, 1]",1,50,"[0, 6, 6, 1]",2,0,100089,515,10,"[1, 1, 2, 3, 3]","[10000, 11000, 12000, 13000, 14000, 15000]","['1|7|7|7', '1|15|15|15', '2|20|20|20', '3|25|25|25', '3|30|30|30']",0,1,"[96, 96, 96]","[31, 51, 70]",5,535,50
100089,1000890,1000891,1000892,Zhu_1.mp3|Zhu_2.mp3|Zhu_3.mp3,440056|440057,sprite/common/elf/drawing/pic/draw_100088.png,sprite/common/elf/head_icon/elf_100089.png,sprite/common/elf/pic/elf_100089.png,sprite/common/elf/head_icon/elf_100089.png,sprite/common/elf/cartoon/100027.png,3,1,3,1,17000,"[1, 2, 3, 4]","[26, 302, 302, 50]",50,70,"[0, 7, 7, 1]",2,100088,0,0,0,"[1, 1, 2, 3, 3]","[10000, 11000, 12000, 13000, 14000, 15000]","['1|7|7|7', '1|15|15|15', '2|20|20|20', '3|25|25|25', '3|30|30|30']",0,1,"[96, 96, 96]","[31, 51, 70]",5,535,50
100092,1000920,1000921,1000922,Shayin_1.mp3|Shayin_2.mp3|Shayin_3.mp3,440060|440061,sprite/common/elf/drawing/pic/draw_100092.png,sprite/common/elf/head_icon/elf_100092.png,sprite/common/elf/pic/elf_100092.png,sprite/common/elf/head_icon/elf_100092.png,sprite/common/elf/cartoon/100092.png,5,0,4,2,10000,"[1, 2, 3, 4]","[23, 4, 13, 11]",1,50,"[0, 2, 10, 6]",3,0,100093,517,5,"[1, 1, 1, 1, 2]","[10000, 11000, 12000, 13000, 14000, 15000]","['1|9|9|9', '2|25|25|25', '3|32|32|32', '4|40|40|40', '5|48|48|48']",0,1,"[67, 67, 67]","[31, 51, 70]",25,536,1
100093,1000930,1000931,1000932,Shayin_1.mp3|Shayin_2.mp3|Shayin_3.mp3,440060|440061,sprite/common/elf/drawing/pic/draw_100092.png,sprite/common/elf/head_icon/elf_100093.png,sprite/common/elf/pic/elf_100093.png,sprite/common/elf/head_icon/elf_100093.png,sprite/common/elf/cartoon/100092.png,5,1,4,2,20000,"[1, 2, 3, 4]","[45, 102, 503, 305]",50,70,"[0, 3, 10, 8]",3,100092,0,0,0,"[1, 1, 1, 1, 2]","[10000, 11000, 12000, 13000, 14000, 15000]","['1|9|9|9', '2|25|25|25', '3|32|32|32', '4|40|40|40', '5|48|48|48']",0,1,"[67, 67, 67]","[31, 51, 70]",25,536,1
100094,1000940,1000941,1000942,Duoduoluoyin_1.mp3|Duoduoluoyin_2.mp3|Duoduoluoyin_3.mp3,440062|440063,sprite/common/elf/drawing/pic/draw_100094.png,sprite/common/elf/head_icon/elf_100094.png,sprite/common/elf/pic/elf_100094.png,sprite/common/elf/head_icon/elf_100094.png,sprite/common/elf/cartoon/100094.png,4,0,4,3,10000,"[1, 2, 3, 4]","[19, 9, 4, 6]",1,50,"[0, 7, 4, 4]",2,0,100095,516,5,"[1, 1, 2, 3, 3]","[10000, 11000, 12000, 13000, 14000, 15000]","['1|7|7|7', '1|18|18|18', '2|25|25|25', '3|32|32|32', '4|40|40|40']",0,1,"[81, 81, 81]","[31, 51, 70]",10,535,50
100095,1000950,1000951,1000952,Duoduoluoyin_1.mp3|Duoduoluoyin_2.mp3|Duoduoluoyin_3.mp3,440062|440063,sprite/common/elf/drawing/pic/draw_100094.png,sprite/common/elf/head_icon/elf_100095.png,sprite/common/elf/pic/elf_100095.png,sprite/common/elf/head_icon/elf_100095.png,sprite/common/elf/cartoon/100094.png,4,1,4,3,18500,"[1, 2, 3, 4]","[39, 352, 200, 202]",50,70,"[0, 8, 5, 5]",2,100094,0,0,0,"[1, 1, 2, 3, 3]","[10000, 11000, 12000, 13000, 14000, 15000]","['1|7|7|7', '1|18|18|18', '2|25|25|25', '3|32|32|32', '4|40|40|40']",0,1,"[81, 81, 81]","[31, 51, 70]",10,535,50
100096,1000960,1000961,1000962,Gaoye_1.mp3|Gaoye_2.mp3|Gaoye_3.mp3,440064|440065,sprite/common/elf/drawing/pic/draw_100096.png,sprite/common/elf/head_icon/elf_100096.png,sprite/common/elf/pic/elf_100096.png,sprite/common/elf/head_icon/elf_100096.png,sprite/common/elf/cartoon/100096.png,4,0,2,4,10000,"[1, 2, 3, 4]","[17, 7, 7, 3]",1,50,"[0, 6, 6, 3]",2,0,100097,516,5,"[1, 1, 2, 3, 3]","[10000, 11000, 12000, 13000, 14000, 15000]","['1|7|7|7', '1|18|18|18', '2|25|25|25', '3|32|32|32', '4|40|40|40']",0,1,"[75, 75, 75]","[31, 51, 70]",10,535,50
100097,1000970,1000971,1000972,Gaoye_1.mp3|Gaoye_2.mp3|Gaoye_3.mp3,440064|440065,sprite/common/elf/drawing/pic/draw_100096.png,sprite/common/elf/head_icon/elf_100097.png,sprite/common/elf/pic/elf_100097.png,sprite/common/elf/head_icon/elf_100097.png,sprite/common/elf/cartoon/100096.png,4,1,2,4,18500,"[1, 2, 3, 4]","[37, 301, 301, 150]",50,70,"[0, 8, 7, 3]",2,100096,0,0,0,"[1, 1, 2, 3, 3]","[10000, 11000, 12000, 13000, 14000, 15000]","['1|7|7|7', '1|18|18|18', '2|25|25|25', '3|32|32|32', '4|40|40|40']",0,1,"[75, 75, 75]","[31, 51, 70]",10,535,50
100098,1000980,1000981,1000982,Aokesuo_1.mp3|Aokesuo_2.mp3|Aokesuo_3.mp3,440066|440067,sprite/common/elf/drawing/pic/draw_100098.png,sprite/common/elf/head_icon/elf_100098.png,sprite/common/elf/pic/elf_100098.png,sprite/common/elf/head_icon/elf_100098.png,sprite/common/elf/cartoon/100098.png,5,0,1,4,10000,"[1, 2, 3, 4]","[23, 9, 13, 6]",1,50,"[0, 4, 10, 4]",3,0,100099,517,5,"[1, 1, 1, 1, 2]","[10000, 11000, 12000, 13000, 14000, 15000]","['1|9|9|9', '2|25|25|25', '3|32|32|32', '4|40|40|40', '5|48|48|48']",0,1,"[70, 70, 70]","[31, 51, 70]",25,536,1
100099,1000990,1000991,1000992,Aokesuo_1.mp3|Aokesuo_2.mp3|Aokesuo_3.mp3,440066|440067,sprite/common/elf/drawing/pic/draw_100098.png,sprite/common/elf/head_icon/elf_100099.png,sprite/common/elf/pic/elf_100099.png,sprite/common/elf/head_icon/elf_100099.png,sprite/common/elf/cartoon/100098.png,5,1,1,4,20000,"[1, 2, 3, 4]","[45, 205, 503, 202]",50,70,"[0, 5, 11, 5]",3,100098,0,0,0,"[1, 1, 1, 1, 2]","[10000, 11000, 12000, 13000, 14000, 15000]","['1|9|9|9', '2|25|25|25', '3|32|32|32', '4|40|40|40', '5|48|48|48']",0,1,"[70, 70, 70]","[31, 51, 70]",25,536,1
100100,1001000,1001001,1001002,Taliya_1.mp3|Taliya_2.mp3|Taliya_3.mp3,440068|440069,sprite/common/elf/drawing/pic/draw_100100.png,sprite/common/elf/head_icon/elf_100100.png,sprite/common/elf/pic/elf_100100.png,sprite/common/elf/head_icon/elf_100100.png,sprite/common/elf/cartoon/100100.png,4,0,3,2,10000,"[1, 2, 3, 4]","[16, 9, 4, 5]",1,50,"[0, 6, 4, 5]",2,0,100101,516,5,"[1, 1, 2, 3, 3]","[10000, 11000, 12000, 13000, 14000, 15000]","['1|7|7|7', '1|18|18|18', '2|25|25|25', '3|32|32|32', '4|40|40|40']",0,1,"[86, 86, 86]","[31, 51, 70]",10,535,50
100101,1001010,1001011,1001012,Taliya_1.mp3|Taliya_2.mp3|Taliya_3.mp3,440068|440069,sprite/common/elf/drawing/pic/draw_100100.png,sprite/common/elf/head_icon/elf_100101.png,sprite/common/elf/pic/elf_100101.png,sprite/common/elf/head_icon/elf_100101.png,sprite/common/elf/cartoon/100100.png,4,1,3,2,18500,"[1, 2, 3, 4]","[36, 303, 200, 250]",50,70,"[0, 7, 5, 6]",2,100100,0,0,0,"[1, 1, 2, 3, 3]","[10000, 11000, 12000, 13000, 14000, 15000]","['1|7|7|7', '1|18|18|18', '2|25|25|25', '3|32|32|32', '4|40|40|40']",0,1,"[86, 86, 86]","[31, 51, 70]",10,535,50
100102,1001020,1001021,1001022,Xiluo_1.mp3|Xiluo_2.mp3|Xiluo_3.mp3,440070|440071,sprite/common/elf/drawing/pic/draw_100102.png,sprite/common/elf/head_icon/elf_100102.png,sprite/common/elf/pic/elf_100102.png,sprite/common/elf/head_icon/elf_100102.png,sprite/common/elf/cartoon/100102.png,5,0,4,3,10000,"[1, 2, 3, 4]","[22, 11, 8, 10]",1,50,"[0, 8, 3, 7]",2,0,100103,517,5,"[1, 1, 1, 1, 2]","[10000, 11000, 12000, 13000, 14000, 15000]","['1|9|9|9', '2|25|25|25', '3|32|32|32', '4|40|40|40', '5|48|48|48']",0,1,"[62, 62, 62]","[31, 51, 70]",25,536,1
100103,1001030,1001031,1001032,Xiluo_1.mp3|Xiluo_2.mp3|Xiluo_3.mp3,440070|440071,sprite/common/elf/drawing/pic/draw_100102.png,sprite/common/elf/head_icon/elf_100103.png,sprite/common/elf/pic/elf_100103.png,sprite/common/elf/head_icon/elf_100103.png,sprite/common/elf/cartoon/100102.png,5,1,4,3,20000,"[1, 2, 3, 4]","[44, 403, 155, 353]",50,70,"[0, 9, 3, 9]",2,100102,0,0,0,"[1, 1, 1, 1, 2]","[10000, 11000, 12000, 13000, 14000, 15000]","['1|9|9|9', '2|25|25|25', '3|32|32|32', '4|40|40|40', '5|48|48|48']",0,1,"[62, 62, 62]","[31, 51, 70]",25,536,1
100104,1001040,1001041,1001042,Yujia_1.mp3|Yujia_2.mp3|Yujia_3.mp3,440072|440073,sprite/common/elf/drawing/pic/draw_100104.png,sprite/common/elf/head_icon/elf_100104.png,sprite/common/elf/pic/elf_100104.png,sprite/common/elf/head_icon/elf_100104.png,sprite/common/elf/cartoon/100104.png,5,0,1,4,10000,"[1, 2, 3, 4]","[23, 10, 9, 9]",1,50,"[0, 7, 6, 5]",2,0,100105,517,5,"[1, 1, 1, 1, 2]","[10000, 11000, 12000, 13000, 14000, 15000]","['1|9|9|9', '2|25|25|25', '3|32|32|32', '4|40|40|40', '5|48|48|48']",0,1,"[64, 64, 64]","[31, 51, 70]",25,536,1
100105,1001050,1001051,1001052,Yujia_1.mp3|Yujia_2.mp3|Yujia_3.mp3,440072|440073,sprite/common/elf/drawing/pic/draw_100104.png,sprite/common/elf/head_icon/elf_100105.png,sprite/common/elf/pic/elf_100105.png,sprite/common/elf/head_icon/elf_100105.png,sprite/common/elf/cartoon/100104.png,5,1,1,4,20000,"[1, 2, 3, 4]","[45, 353, 303, 254]",50,70,"[0, 8, 7, 6]",2,100104,0,0,0,"[1, 1, 1, 1, 2]","[10000, 11000, 12000, 13000, 14000, 15000]","['1|9|9|9', '2|25|25|25', '3|32|32|32', '4|40|40|40', '5|48|48|48']",0,1,"[64, 64, 64]","[31, 51, 70]",25,536,1
100106,1001060,1001061,1001062,Keke_1.mp3|Keke_2.mp3|Keke_3.mp3,440074|440075,sprite/common/elf/drawing/pic/draw_100106.png,sprite/common/elf/head_icon/elf_100106.png,sprite/common/elf/pic/elf_100106.png,sprite/common/elf/head_icon/elf_100106.png,sprite/common/elf/cartoon/100106.png,5,0,2,1,10000,"[1, 2, 3, 4]","[24, 9, 12, 7]",1,50,"[0, 5, 8, 4]",1,0,100107,517,5,"[1, 1, 1, 1, 2]","[10000, 11000, 12000, 13000, 14000, 15000]","['1|9|9|9', '2|25|25|25', '3|32|32|32', '4|40|40|40', '5|48|48|48']",0,1,"[65, 65, 65]","[31, 51, 70]",25,536,1
100107,1001070,1001071,1001072,Keke_1.mp3|Keke_2.mp3|Keke_3.mp3,440074|440075,sprite/common/elf/drawing/pic/draw_100106.png,sprite/common/elf/head_icon/elf_100107.png,sprite/common/elf/pic/elf_100107.png,sprite/common/elf/head_icon/elf_100107.png,sprite/common/elf/cartoon/100106.png,5,1,2,1,20000,"[1, 2, 3, 4]","[46, 254, 404, 203]",50,70,"[0, 6, 9, 4]",1,100106,0,0,0,"[1, 1, 1, 1, 2]","[10000, 11000, 12000, 13000, 14000, 15000]","['1|9|9|9', '2|25|25|25', '3|32|32|32', '4|40|40|40', '5|48|48|48']",0,1,"[65, 65, 65]","[31, 51, 70]",25,536,1
100108,1001080,1001081,1001082,Xi_1.mp3|Xi_2.mp3|Xi_3.mp3,440076|440077,sprite/common/elf/drawing/pic/draw_100108.png,sprite/common/elf/head_icon/elf_100108.png,sprite/common/elf/pic/elf_100108.png,sprite/common/elf/head_icon/elf_100108.png,sprite/common/elf/cartoon/100108.png,5,0,2,1,10000,"[1, 2, 3, 4]","[20, 10, 12, 5]",1,50,"[0, 4, 11, 2]",3,0,100109,517,5,"[1, 1, 1, 1, 2]","[10000, 11000, 12000, 13000, 14000, 15000]","['1|9|9|9', '2|25|25|25', '3|32|32|32', '4|40|40|40', '5|48|48|48']",0,1,"[57, 57, 57]","[31, 51, 70]",25,536,1
100109,1001090,1001091,1001092,Xi_1.mp3|Xi_2.mp3|Xi_3.mp3,440076|440077,sprite/common/elf/drawing/pic/draw_100108.png,sprite/common/elf/head_icon/elf_100109.png,sprite/common/elf/pic/elf_100109.png,sprite/common/elf/head_icon/elf_100109.png,sprite/common/elf/cartoon/100108.png,5,1,2,1,20000,"[1, 2, 3, 4]","[42, 206, 551, 103]",50,70,"[0, 5, 12, 4]",3,100108,0,0,0,"[1, 1, 1, 1, 2]","[10000, 11000, 12000, 13000, 14000, 15000]","['1|9|9|9', '2|25|25|25', '3|32|32|32', '4|40|40|40', '5|48|48|48']",0,1,"[57, 57, 57]","[31, 51, 70]",25,536,1
100110,1001100,1001101,1001102,Gaisi_1.mp3|Gaisi_2.mp3|Gaisi_3.mp3,440078|440079,,sprite/common/elf/head_icon/elf_100110.png,sprite/common/elf/pic/elf_100110.png,sprite/common/elf/head_icon/elf_100110.png,sprite/common/elf/cartoon/100110.png,1,0,1,0,10000,"[1, 2, 3, 4]","[9, 2, 2, 3]",1,50,"[0, 2, 2, 4]",4,0,100111,513,20,"[1, 2, 3, 4, 6]","[10000, 11000, 12000, 13000, 14000, 15000]","['1|5|5|5', '1|8|8|8', '1|10|10|10', '2|12|12|12', '2|15|15|15']",0,1,"[1, 1, 1]","[31, 51, 70]",1,535,30
100111,1001110,1001111,1001112,Gaisi_1.mp3|Gaisi_2.mp3|Gaisi_3.mp3,440078|440079,,sprite/common/elf/head_icon/elf_100111.png,sprite/common/elf/pic/elf_100111.png,sprite/common/elf/head_icon/elf_100111.png,sprite/common/elf/cartoon/100110.png,1,1,1,0,14000,"[1, 2, 3, 4]","[20, 100, 100, 199]",50,70,"[0, 3, 3, 4]",4,100110,0,0,0,"[1, 2, 3, 4, 6]","[10000, 11000, 12000, 13000, 14000, 15000]","['1|5|5|5', '1|8|8|8', '1|10|10|10', '2|12|12|12', '2|15|15|15']",0,1,"[1, 1, 1]","[31, 51, 70]",1,535,30
100112,1001120,1001121,1001122,Gaisi_1.mp3|Gaisi_2.mp3|Gaisi_3.mp3,440080|440081,,sprite/common/elf/head_icon/elf_100112.png,sprite/common/elf/pic/elf_100112.png,sprite/common/elf/head_icon/elf_100112.png,sprite/common/elf/cartoon/100112.png,1,0,2,0,10000,"[1, 2, 3, 4]","[10, 2, 3, 2]",1,50,"[0, 2, 4, 2]",1,0,100113,513,20,"[1, 2, 3, 4, 6]","[10000, 11000, 12000, 13000, 14000, 15000]","['1|5|5|5', '1|8|8|8', '1|10|10|10', '2|12|12|12', '2|15|15|15']",0,1,"[2, 2, 2]","[31, 51, 70]",1,535,30
100113,1001130,1001131,1001132,Gaisi_1.mp3|Gaisi_2.mp3|Gaisi_3.mp3,440080|440081,,sprite/common/elf/head_icon/elf_100113.png,sprite/common/elf/pic/elf_100113.png,sprite/common/elf/head_icon/elf_100113.png,sprite/common/elf/cartoon/100112.png,1,1,2,0,14000,"[1, 2, 3, 4]","[19, 100, 199, 100]",50,70,"[0, 3, 5, 2]",1,100112,0,0,0,"[1, 2, 3, 4, 6]","[10000, 11000, 12000, 13000, 14000, 15000]","['1|5|5|5', '1|8|8|8', '1|10|10|10', '2|12|12|12', '2|15|15|15']",0,1,"[2, 2, 2]","[31, 51, 70]",1,535,30
100114,1001140,1001141,1001142,Gaisi_1.mp3|Gaisi_2.mp3|Gaisi_3.mp3,440082|440083,,sprite/common/elf/head_icon/elf_100114.png,sprite/common/elf/pic/elf_100114.png,sprite/common/elf/head_icon/elf_100114.png,sprite/common/elf/cartoon/100114.png,1,0,3,0,10000,"[1, 2, 3, 4]","[9, 4, 1, 2]",1,50,"[0, 4, 2, 3]",2,0,100115,513,20,"[1, 2, 3, 4, 6]","[10000, 11000, 12000, 13000, 14000, 15000]","['1|5|5|5', '1|8|8|8', '1|10|10|10', '2|12|12|12', '2|15|15|15']",0,1,"[3, 3, 3]","[31, 51, 70]",1,535,30
100115,1001150,1001151,1001152,Gaisi_1.mp3|Gaisi_2.mp3|Gaisi_3.mp3,440082|440083,,sprite/common/elf/head_icon/elf_100115.png,sprite/common/elf/pic/elf_100115.png,sprite/common/elf/head_icon/elf_100115.png,sprite/common/elf/cartoon/100114.png,1,1,3,0,14000,"[1, 2, 3, 4]","[19, 197, 100, 149]",50,70,"[0, 5, 2, 3]",2,100114,0,0,0,"[1, 2, 3, 4, 6]","[10000, 11000, 12000, 13000, 14000, 15000]","['1|5|5|5', '1|8|8|8', '1|10|10|10', '2|12|12|12', '2|15|15|15']",0,1,"[3, 3, 3]","[31, 51, 70]",1,535,30
100116,1001160,1001161,1001162,Gaisi_1.mp3|Gaisi_2.mp3|Gaisi_3.mp3,440084|440085,,sprite/common/elf/head_icon/elf_100116.png,sprite/common/elf/pic/elf_100116.png,sprite/common/elf/head_icon/elf_100116.png,sprite/common/elf/cartoon/100116.png,1,0,4,0,10000,"[1, 2, 3, 4]","[9, 3, 3, 2]",1,50,"[0, 3, 3, 2]",3,0,100117,513,20,"[1, 2, 3, 4, 6]","[10000, 11000, 12000, 13000, 14000, 15000]","['1|5|5|5', '1|8|8|8', '1|10|10|10', '2|12|12|12', '2|15|15|15']",0,1,"[4, 4, 4]","[31, 51, 70]",1,535,30
100117,1001170,1001171,1001172,Gaisi_1.mp3|Gaisi_2.mp3|Gaisi_3.mp3,440084|440085,,sprite/common/elf/head_icon/elf_100117.png,sprite/common/elf/pic/elf_100117.png,sprite/common/elf/head_icon/elf_100117.png,sprite/common/elf/cartoon/100116.png,1,1,4,0,14000,"[1, 2, 3, 4]","[19, 150, 150, 100]",50,70,"[0, 3, 4, 3]",3,100116,0,0,0,"[1, 2, 3, 4, 6]","[10000, 11000, 12000, 13000, 14000, 15000]","['1|5|5|5', '1|8|8|8', '1|10|10|10', '2|12|12|12', '2|15|15|15']",0,1,"[4, 4, 4]","[31, 51, 70]",1,535,30
100118,1001180,1001181,1001182,Zhengmei_1.mp3|Zhengmei_2.mp3|Zhengmei_3.mp3,440086|440087,sprite/common/elf/drawing/pic/draw_100118.png,sprite/common/elf/head_icon/elf_100118.png,sprite/common/elf/pic/elf_100118.png,sprite/common/elf/head_icon/elf_100118.png,sprite/common/elf/cartoon/100118.png,4,0,3,4,10000,"[1, 2, 3, 4]","[17, 8, 8, 3]",1,50,"[0, 6, 6, 4]",2,0,100119,516,5,"[1, 1, 2, 3, 3]","[10000, 11000, 12000, 13000, 14000, 15000]","['1|7|7|7', '1|18|18|18', '2|25|25|25', '3|32|32|32', '4|40|40|40']",0,1,"[76, 76, 76]","[31, 51, 70]",10,535,50
100119,1001190,1001191,1001192,Zhengmei_1.mp3|Zhengmei_2.mp3|Zhengmei_3.mp3,440086|440087,sprite/common/elf/drawing/pic/draw_100118.png,sprite/common/elf/head_icon/elf_100119.png,sprite/common/elf/pic/elf_100119.png,sprite/common/elf/head_icon/elf_100119.png,sprite/common/elf/cartoon/100118.png,4,1,3,4,18500,"[1, 2, 3, 4]","[37, 302, 302, 199]",50,70,"[0, 7, 7, 5]",2,100118,0,0,0,"[1, 1, 2, 3, 3]","[10000, 11000, 12000, 13000, 14000, 15000]","['1|7|7|7', '1|18|18|18', '2|25|25|25', '3|32|32|32', '4|40|40|40']",0,1,"[76, 76, 76]","[31, 51, 70]",10,535,50
100120,1001200,1001201,1001202,Xisuo_1.mp3|Xisuo_2.mp3|Xisuo_3.mp3,440088|440089,sprite/common/elf/drawing/pic/draw_100120.png,sprite/common/elf/head_icon/elf_100120.png,sprite/common/elf/pic/elf_100120.png,sprite/common/elf/head_icon/elf_100120.png,sprite/common/elf/cartoon/100120.png,4,0,4,1,10000,"[1, 2, 3, 4]","[16, 9, 8, 3]",1,50,"[0, 7, 6, 3]",2,0,100121,516,5,"[1, 1, 2, 3, 3]","[10000, 11000, 12000, 13000, 14000, 15000]","['1|7|7|7', '1|18|18|18', '2|25|25|25', '3|32|32|32', '4|40|40|40']",0,1,"[79, 79, 79]","[31, 51, 70]",10,535,50
100121,1001210,1001211,1001212,Xisuo_1.mp3|Xisuo_2.mp3|Xisuo_3.mp3,440088|440089,sprite/common/elf/drawing/pic/draw_100120.png,sprite/common/elf/head_icon/elf_100121.png,sprite/common/elf/pic/elf_100121.png,sprite/common/elf/head_icon/elf_100121.png,sprite/common/elf/cartoon/100120.png,4,1,4,1,18500,"[1, 2, 3, 4]","[36, 352, 302, 150]",50,70,"[0, 7, 7, 5]",2,100120,0,0,0,"[1, 1, 2, 3, 3]","[10000, 11000, 12000, 13000, 14000, 15000]","['1|7|7|7', '1|18|18|18', '2|25|25|25', '3|32|32|32', '4|40|40|40']",0,1,"[79, 79, 79]","[31, 51, 70]",10,535,50
100122,1001220,1001221,1001222,Luxiusi_1.mp3|Luxiusi_2.mp3|Luxiusi_3.mp3,440090|440091,sprite/common/elf/drawing/pic/draw_100122.png,sprite/common/elf/head_icon/elf_100122.png,sprite/common/elf/pic/elf_100122.png,sprite/common/elf/head_icon/elf_100122.png,sprite/common/elf/cartoon/100122.png,3,0,1,4,10000,"[1, 2, 3, 4]","[15, 6, 5, 5]",1,50,"[0, 5, 4, 4]",2,0,100123,515,10,"[1, 1, 2, 3, 3]","[10000, 11000, 12000, 13000, 14000, 15000]","['1|7|7|7', '1|15|15|15', '2|20|20|20', '3|25|25|25', '3|30|30|30']",0,1,"[93, 93, 93]","[31, 51, 70]",5,535,50
100123,1001230,1001231,1001232,Luxiusi_1.mp3|Luxiusi_2.mp3|Luxiusi_3.mp3,440090|440091,sprite/common/elf/drawing/pic/draw_100122.png,sprite/common/elf/head_icon/elf_100123.png,sprite/common/elf/pic/elf_100123.png,sprite/common/elf/head_icon/elf_100123.png,sprite/common/elf/cartoon/100122.png,3,1,1,4,17000,"[1, 2, 3, 4]","[29, 251, 201, 201]",50,70,"[0, 6, 6, 4]",2,100122,0,0,0,"[1, 1, 2, 3, 3]","[10000, 11000, 12000, 13000, 14000, 15000]","['1|7|7|7', '1|15|15|15', '2|20|20|20', '3|25|25|25', '3|30|30|30']",0,1,"[93, 93, 93]","[31, 51, 70]",5,535,50
100124,1001240,1001241,1001242,Jiede_1.mp3|Jiede_2.mp3|Jiede_3.mp3,440092|440093,sprite/common/elf/drawing/pic/draw_100124.png,sprite/common/elf/head_icon/elf_100124.png,sprite/common/elf/pic/elf_100124.png,sprite/common/elf/head_icon/elf_100124.png,sprite/common/elf/cartoon/100124.png,4,0,4,3,10000,"[1, 2, 3, 4]","[20, 8, 6, 6]",1,50,"[0, 6, 5, 5]",1,0,100125,516,5,"[1, 1, 2, 3, 3]","[10000, 11000, 12000, 13000, 14000, 15000]","['1|7|7|7', '1|18|18|18', '2|25|25|25', '3|32|32|32', '4|40|40|40']",0,1,"[73, 73, 73]","[31, 51, 70]",10,535,50
100125,1001250,1001251,1001252,Jiede_1.mp3|Jiede_2.mp3|Jiede_3.mp3,440092|440093,sprite/common/elf/drawing/pic/draw_100124.png,sprite/common/elf/head_icon/elf_100125.png,sprite/common/elf/pic/elf_100125.png,sprite/common/elf/head_icon/elf_100125.png,sprite/common/elf/cartoon/100124.png,4,1,4,3,18500,"[1, 2, 3, 4]","[40, 302, 251, 251]",50,70,"[0, 7, 6, 6]",1,100124,0,0,0,"[1, 1, 2, 3, 3]","[10000, 11000, 12000, 13000, 14000, 15000]","['1|7|7|7', '1|18|18|18', '2|25|25|25', '3|32|32|32', '4|40|40|40']",0,1,"[73, 73, 73]","[31, 51, 70]",10,535,50
100126,1001260,1001261,1001262,Xiwa_1.mp3|Xiwa_2.mp3|Xiwa_3.mp3,440094|440095,sprite/common/elf/drawing/pic/draw_100126.png,sprite/common/elf/head_icon/elf_100126.png,sprite/common/elf/pic/elf_100126.png,sprite/common/elf/head_icon/elf_100126.png,sprite/common/elf/cartoon/100126.png,5,0,3,4,10000,"[1, 2, 3, 4]","[22, 12, 12, 5]",1,50,"[0, 10, 5, 3]",2,0,100127,517,5,"[1, 1, 1, 1, 2]","[10000, 11000, 12000, 13000, 14000, 15000]","['1|9|9|9', '2|25|25|25', '3|32|32|32', '4|40|40|40', '5|48|48|48']",0,1,"[58, 58, 58]","[31, 51, 70]",25,536,1
100127,1001270,1001271,1001272,Xiwa_1.mp3|Xiwa_2.mp3|Xiwa_3.mp3,440094|440095,sprite/common/elf/drawing/pic/draw_100126.png,sprite/common/elf/head_icon/elf_100127.png,sprite/common/elf/pic/elf_100127.png,sprite/common/elf/head_icon/elf_100127.png,sprite/common/elf/cartoon/100126.png,5,1,3,4,20000,"[1, 2, 3, 4]","[44, 502, 257, 152]",50,70,"[0, 11, 7, 3]",2,100126,0,0,0,"[1, 1, 1, 1, 2]","[10000, 11000, 12000, 13000, 14000, 15000]","['1|9|9|9', '2|25|25|25', '3|32|32|32', '4|40|40|40', '5|48|48|48']",0,1,"[58, 58, 58]","[31, 51, 70]",25,536,1
100128,1001280,1001281,1001282,Jiangshang_1.mp3|Jiangshang_2.mp3|Jiangshang_3.mp3,440096|440097,sprite/common/elf/drawing/pic/draw_100128.png,sprite/common/elf/head_icon/elf_100128.png,sprite/common/elf/pic/elf_100128.png,sprite/common/elf/head_icon/elf_100128.png,sprite/common/elf/cartoon/100128.png,5,0,3,1,10000,"[1, 2, 3, 4]","[20, 7, 11, 11]",1,50,"[0, 3, 10, 5]",3,0,100129,517,5,"[1, 1, 1, 1, 2]","[10000, 11000, 12000, 13000, 14000, 15000]","['1|9|9|9', '2|25|25|25', '3|32|32|32', '4|40|40|40', '5|48|48|48']",0,1,"[55, 55, 55]","[31, 51, 70]",25,536,1
100129,1001290,1001291,1001292,Jiangshang_1.mp3|Jiangshang_2.mp3|Jiangshang_3.mp3,440096|440097,sprite/common/elf/drawing/pic/draw_100128.png,sprite/common/elf/head_icon/elf_100129.png,sprite/common/elf/pic/elf_100129.png,sprite/common/elf/head_icon/elf_100129.png,sprite/common/elf/cartoon/100128.png,5,1,3,1,20000,"[1, 2, 3, 4]","[42, 154, 501, 256]",50,70,"[0, 5, 11, 5]",3,100128,0,0,0,"[1, 1, 1, 1, 2]","[10000, 11000, 12000, 13000, 14000, 15000]","['1|9|9|9', '2|25|25|25', '3|32|32|32', '4|40|40|40', '5|48|48|48']",0,1,"[55, 55, 55]","[31, 51, 70]",25,536,1
100134,1001340,1001341,1001342,Boersaila_1.mp3|Boersaila_2.mp3|Boersaila_3.mp3,440102|440103,sprite/common/elf/drawing/pic/draw_100134.png,sprite/common/elf/head_icon/elf_100134.png,sprite/common/elf/pic/elf_100134.png,sprite/common/elf/head_icon/elf_100134.png,sprite/common/elf/cartoon/100134.png,5,0,3,4,10000,"[1, 2, 3, 4]","[23, 9, 8, 8]",1,50,"[0, 3, 8, 6]",1,0,100135,517,5,"[1, 1, 1, 1, 2]","[10000, 11000, 12000, 13000, 14000, 15000]","['1|9|9|9', '2|25|25|25', '3|32|32|32', '4|40|40|40', '5|48|48|48']",0,1,"[66, 66, 66]","[31, 51, 70]",25,536,1
100135,1001350,1001351,1001352,Boersaila_1.mp3|Boersaila_2.mp3|Boersaila_3.mp3,440102|440103,sprite/common/elf/drawing/pic/draw_100134.png,sprite/common/elf/head_icon/elf_100135.png,sprite/common/elf/pic/elf_100135.png,sprite/common/elf/head_icon/elf_100135.png,sprite/common/elf/cartoon/100134.png,5,1,3,4,20000,"[1, 2, 3, 4]","[45, 156, 400, 302]",50,70,"[0, 7, 9, 7]",1,100134,0,0,0,"[1, 1, 1, 1, 2]","[10000, 11000, 12000, 13000, 14000, 15000]","['1|9|9|9', '2|25|25|25', '3|32|32|32', '4|40|40|40', '5|48|48|48']",0,1,"[66, 66, 66]","[31, 51, 70]",25,536,1
100136,1001360,1001361,1001362,Gangan_1.mp3|Gangan_2.mp3|Gangan_3.mp3,440104|440105,sprite/common/elf/drawing/pic/draw_100136.png,sprite/common/elf/head_icon/elf_100136.png,sprite/common/elf/pic/elf_100136.png,sprite/common/elf/head_icon/elf_100136.png,sprite/common/elf/cartoon/100136.png,4,0,1,4,10000,"[1, 2, 3, 4]","[20, 5, 8, 5]",1,50,"[0, 4, 7, 4]",1,0,100137,516,5,"[1, 1, 2, 3, 3]","[10000, 11000, 12000, 13000, 14000, 15000]","['1|7|7|7', '1|18|18|18', '2|25|25|25', '3|32|32|32', '4|40|40|40']",0,1,"[72, 72, 72]","[31, 51, 70]",10,535,50
100137,1001370,1001371,1001372,Gangan_1.mp3|Gangan_2.mp3|Gangan_3.mp3,440104|440105,sprite/common/elf/drawing/pic/draw_100136.png,sprite/common/elf/head_icon/elf_100137.png,sprite/common/elf/pic/elf_100137.png,sprite/common/elf/head_icon/elf_100137.png,sprite/common/elf/cartoon/100136.png,4,1,1,4,18500,"[1, 2, 3, 4]","[40, 201, 351, 201]",50,70,"[0, 5, 8, 4]",1,100136,0,0,0,"[1, 1, 2, 3, 3]","[10000, 11000, 12000, 13000, 14000, 15000]","['1|7|7|7', '1|18|18|18', '2|25|25|25', '3|32|32|32', '4|40|40|40']",0,1,"[72, 72, 72]","[31, 51, 70]",10,535,50
100138,1001380,1001381,1001382,Huozhu_1.mp3|Huozhu_2.mp3|Huozhu_3.mp3,440106|440107,sprite/common/elf/drawing/pic/draw_100138.png,sprite/common/elf/head_icon/elf_100138.png,sprite/common/elf/pic/elf_100138.png,sprite/common/elf/head_icon/elf_100138.png,sprite/common/elf/cartoon/100138.png,4,0,2,4,10000,"[1, 2, 3, 4]","[20, 9, 8, 8]",1,50,"[0, 2, 7, 6]",3,0,100139,516,5,"[1, 1, 2, 3, 3]","[10000, 11000, 12000, 13000, 14000, 15000]","['1|7|7|7', '1|18|18|18', '2|25|25|25', '3|32|32|32', '4|40|40|40']",0,1,"[78, 78, 78]","[31, 51, 70]",10,535,50
100139,1001390,1001391,1001392,Huozhu_1.mp3|Huozhu_2.mp3|Huozhu_3.mp3,440106|440107,sprite/common/elf/drawing/pic/draw_100138.png,sprite/common/elf/head_icon/elf_100139.png,sprite/common/elf/pic/elf_100139.png,sprite/common/elf/head_icon/elf_100139.png,sprite/common/elf/cartoon/100138.png,4,1,2,4,18500,"[1, 2, 3, 4]","[40, 107, 351, 302]",50,70,"[0, 3, 8, 7]",3,100138,0,0,0,"[1, 1, 2, 3, 3]","[10000, 11000, 12000, 13000, 14000, 15000]","['1|7|7|7', '1|18|18|18', '2|25|25|25', '3|32|32|32', '4|40|40|40']",0,1,"[78, 78, 78]","[31, 51, 70]",10,535,50
100140,1001400,1001401,1001402,Qi_1.mp3|Qi_2.mp3|Qi_3.mp3,440108|440109,sprite/common/elf/drawing/pic/draw_100140.png,sprite/common/elf/head_icon/elf_100140.png,sprite/common/elf/pic/elf_100140.png,sprite/common/elf/head_icon/elf_100140.png,sprite/common/elf/cartoon/100140.png,3,0,2,1,10000,"[1, 2, 3, 4]","[15, 9, 2, 3]",1,50,"[0, 6, 3, 4]",2,0,100141,515,10,"[1, 1, 2, 3, 3]","[10000, 11000, 12000, 13000, 14000, 15000]","['1|7|7|7', '1|15|15|15', '2|20|20|20', '3|25|25|25', '3|30|30|30']",0,1,"[89, 89, 89]","[31, 51, 70]",5,535,50
100141,1001410,1001411,1001412,Qi_1.mp3|Qi_2.mp3|Qi_3.mp3,440108|440109,sprite/common/elf/drawing/pic/draw_100140.png,sprite/common/elf/head_icon/elf_100141.png,sprite/common/elf/pic/elf_100141.png,sprite/common/elf/head_icon/elf_100141.png,sprite/common/elf/cartoon/100140.png,3,1,2,1,17000,"[1, 2, 3, 4]","[29, 303, 149, 199]",50,70,"[0, 7, 3, 5]",2,100140,0,0,0,"[1, 1, 2, 3, 3]","[10000, 11000, 12000, 13000, 14000, 15000]","['1|7|7|7', '1|15|15|15', '2|20|20|20', '3|25|25|25', '3|30|30|30']",0,1,"[89, 89, 89]","[31, 51, 70]",5,535,50
100142,1001420,1001421,1001422,Lulumu_1.mp3|Lulumu_2.mp3|Lulumu_3.mp3,440110|440111,sprite/common/elf/drawing/pic/draw_100142.png,sprite/common/elf/head_icon/elf_100142.png,sprite/common/elf/pic/elf_100142.png,sprite/common/elf/head_icon/elf_100142.png,sprite/common/elf/cartoon/100142.png,4,0,2,3,10000,"[1, 2, 3, 4]","[17, 8, 8, 2]",1,50,"[0, 7, 7, 1]",2,0,100143,516,5,"[1, 1, 2, 3, 3]","[10000, 11000, 12000, 13000, 14000, 15000]","['1|7|7|7', '1|18|18|18', '2|25|25|25', '3|32|32|32', '4|40|40|40']",0,1,"[77, 77, 77]","[31, 51, 70]",10,535,50
100143,1001430,1001431,1001432,Lulumu_1.mp3|Lulumu_2.mp3|Lulumu_3.mp3,440110|440111,sprite/common/elf/drawing/pic/draw_100142.png,sprite/common/elf/head_icon/elf_100143.png,sprite/common/elf/pic/elf_100143.png,sprite/common/elf/head_icon/elf_100143.png,sprite/common/elf/cartoon/100142.png,4,1,2,3,18500,"[1, 2, 3, 4]","[37, 351, 351, 51]",50,70,"[0, 8, 8, 2]",2,100142,0,0,0,"[1, 1, 2, 3, 3]","[10000, 11000, 12000, 13000, 14000, 15000]","['1|7|7|7', '1|18|18|18', '2|25|25|25', '3|32|32|32', '4|40|40|40']",0,1,"[77, 77, 77]","[31, 51, 70]",10,535,50
100144,1001440,1001441,1001442,Luxi_1.mp3|Luxi_2.mp3|Luxi_3.mp3,440112|440113,sprite/common/elf/drawing/pic/draw_100144.png,sprite/common/elf/head_icon/elf_100144.png,sprite/common/elf/pic/elf_100144.png,sprite/common/elf/head_icon/elf_100144.png,sprite/common/elf/cartoon/100144.png,3,0,2,3,10000,"[1, 2, 3, 4]","[15, 9, 3, 3]",1,50,"[0, 5, 4, 4]",2,0,100145,515,10,"[1, 1, 2, 3, 3]","[10000, 11000, 12000, 13000, 14000, 15000]","['1|7|7|7', '1|15|15|15', '2|20|20|20', '3|25|25|25', '3|30|30|30']",0,1,"[105, 105, 105]","[31, 51, 70]",5,535,50
100145,1001450,1001451,1001452,Luxi_1.mp3|Luxi_2.mp3|Luxi_3.mp3,440112|440113,sprite/common/elf/drawing/pic/draw_100144.png,sprite/common/elf/head_icon/elf_100145.png,sprite/common/elf/pic/elf_100145.png,sprite/common/elf/head_icon/elf_100145.png,sprite/common/elf/cartoon/100144.png,3,1,2,3,17000,"[1, 2, 3, 4]","[29, 254, 199, 199]",50,70,"[0, 7, 4, 4]",2,100144,0,0,0,"[1, 1, 2, 3, 3]","[10000, 11000, 12000, 13000, 14000, 15000]","['1|7|7|7', '1|15|15|15', '2|20|20|20', '3|25|25|25', '3|30|30|30']",0,1,"[105, 105, 105]","[31, 51, 70]",5,535,50
100146,1001460,1001461,1001462,Meila_1.mp3|Meila_2.mp3|Meila_3.mp3,440114|440115,sprite/common/elf/drawing/pic/draw_100146.png,sprite/common/elf/head_icon/elf_100146.png,sprite/common/elf/pic/elf_100146.png,sprite/common/elf/head_icon/elf_100146.png,sprite/common/elf/cartoon/100146.png,3,0,2,3,10000,"[1, 2, 3, 4]","[16, 5, 5, 5]",1,50,"[0, 4, 5, 4]",1,0,100147,515,10,"[1, 1, 2, 3, 3]","[10000, 11000, 12000, 13000, 14000, 15000]","['1|7|7|7', '1|15|15|15', '2|20|20|20', '3|25|25|25', '3|30|30|30']",0,1,"[106, 106, 106]","[31, 51, 70]",5,535,50
100147,1001470,1001471,1001472,Meila_1.mp3|Meila_2.mp3|Meila_3.mp3,440114|440115,sprite/common/elf/drawing/pic/draw_100146.png,sprite/common/elf/head_icon/elf_100147.png,sprite/common/elf/pic/elf_100147.png,sprite/common/elf/head_icon/elf_100147.png,sprite/common/elf/cartoon/100146.png,3,1,2,3,17000,"[1, 2, 3, 4]","[30, 201, 250, 201]",50,70,"[0, 5, 6, 4]",1,100146,0,0,0,"[1, 1, 2, 3, 3]","[10000, 11000, 12000, 13000, 14000, 15000]","['1|7|7|7', '1|15|15|15', '2|20|20|20', '3|25|25|25', '3|30|30|30']",0,1,"[106, 106, 106]","[31, 51, 70]",5,535,50
100148,1001480,1001481,1001482,Gangan_1.mp3|Gangan_2.mp3|Gangan_3.mp3,440116|440117,sprite/common/elf/drawing/pic/draw_100148.png,sprite/common/elf/head_icon/elf_100148.png,sprite/common/elf/pic/elf_100148.png,sprite/common/elf/head_icon/elf_100148.png,sprite/common/elf/cartoon/100148.png,3,0,3,4,10000,"[1, 2, 3, 4]","[15, 6, 2, 6]",1,50,"[0, 6, 2, 5]",2,0,100149,515,10,"[1, 1, 2, 3, 3]","[10000, 11000, 12000, 13000, 14000, 15000]","['1|7|7|7', '1|15|15|15', '2|20|20|20', '3|25|25|25', '3|30|30|30']",0,1,"[107, 107, 107]","[31, 51, 70]",5,535,50
100149,1001490,1001491,1001492,Gangan_1.mp3|Gangan_2.mp3|Gangan_3.mp3,440116|440117,sprite/common/elf/drawing/pic/draw_100148.png,sprite/common/elf/head_icon/elf_100149.png,sprite/common/elf/pic/elf_100149.png,sprite/common/elf/head_icon/elf_100149.png,sprite/common/elf/cartoon/100148.png,3,1,3,4,17000,"[1, 2, 3, 4]","[29, 300, 100, 251]",50,70,"[0, 7, 2, 6]",2,100148,0,0,0,"[1, 1, 2, 3, 3]","[10000, 11000, 12000, 13000, 14000, 15000]","['1|7|7|7', '1|15|15|15', '2|20|20|20', '3|25|25|25', '3|30|30|30']",0,1,"[107, 107, 107]","[31, 51, 70]",5,535,50
100150,1001500,1001501,1001502,Apeiji_1.mp3|Apeiji_2.mp3|Apeiji_3.mp3,440118|440119,sprite/common/elf/drawing/pic/draw_100150.png,sprite/common/elf/head_icon/elf_100150.png,sprite/common/elf/pic/elf_100150.png,sprite/common/elf/head_icon/elf_100150.png,sprite/common/elf/cartoon/100150.png,4,0,2,4,10000,"[1, 2, 3, 4]","[19, 4, 8, 6]",1,50,"[0, 3, 7, 5]",3,0,100151,516,5,"[1, 1, 2, 3, 3]","[10000, 11000, 12000, 13000, 14000, 15000]","['1|7|7|7', '1|18|18|18', '2|25|25|25', '3|32|32|32', '4|40|40|40']",0,1,"[108, 108, 108]","[31, 51, 70]",10,535,50
100151,1001510,1001511,1001512,Apeiji_1.mp3|Apeiji_2.mp3|Apeiji_3.mp3,440118|440119,sprite/common/elf/drawing/pic/draw_100150.png,sprite/common/elf/head_icon/elf_100151.png,sprite/common/elf/pic/elf_100151.png,sprite/common/elf/head_icon/elf_100151.png,sprite/common/elf/cartoon/100150.png,4,1,2,4,18500,"[1, 2, 3, 4]","[39, 151, 351, 251]",50,70,"[0, 5, 7, 6]",3,100150,0,0,0,"[1, 1, 2, 3, 3]","[10000, 11000, 12000, 13000, 14000, 15000]","['1|7|7|7', '1|18|18|18', '2|25|25|25', '3|32|32|32', '4|40|40|40']",0,1,"[108, 108, 108]","[31, 51, 70]",10,535,50
100152,1001520,1001521,1001522,Banban_1.mp3|Banban_2.mp3|Banban_3.mp3,440120|440121,sprite/common/elf/drawing/pic/draw_100152.png,sprite/common/elf/head_icon/elf_100152.png,sprite/common/elf/pic/elf_100152.png,sprite/common/elf/head_icon/elf_100152.png,sprite/common/elf/cartoon/100152.png,4,0,4,2,10000,"[1, 2, 3, 4]","[18, 8, 6, 5]",1,50,"[0, 7, 5, 4]",2,0,100153,516,5,"[1, 1, 2, 3, 3]","[10000, 11000, 12000, 13000, 14000, 15000]","['1|7|7|7', '1|18|18|18', '2|25|25|25', '3|32|32|32', '4|40|40|40']",0,0.5,"[109, 109, 109]","[31, 51, 70]",10,535,50
100153,1001530,1001531,1001532,Banban_1.mp3|Banban_2.mp3|Banban_3.mp3,440120|440121,sprite/common/elf/drawing/pic/draw_100152.png,sprite/common/elf/head_icon/elf_100153.png,sprite/common/elf/pic/elf_100153.png,sprite/common/elf/head_icon/elf_100153.png,sprite/common/elf/cartoon/100152.png,4,1,4,2,18500,"[1, 2, 3, 4]","[38, 351, 251, 201]",50,70,"[0, 8, 6, 4]",2,100152,0,0,0,"[1, 1, 2, 3, 3]","[10000, 11000, 12000, 13000, 14000, 15000]","['1|7|7|7', '1|18|18|18', '2|25|25|25', '3|32|32|32', '4|40|40|40']",0,0.7,"[109, 109, 109]","[31, 51, 70]",10,535,50
100154,1001540,1001541,1001542,Angsai_1.mp3|Angsai_2.mp3|Angsai_3.mp3,440122|440123,sprite/common/elf/drawing/pic/draw_100154.png,sprite/common/elf/head_icon/elf_100154.png,sprite/common/elf/pic/elf_100154.png,sprite/common/elf/head_icon/elf_100154.png,sprite/common/elf/cartoon/100154.png,5,0,4,2,10000,"[1, 2, 3, 4]","[23, 9, 8, 8]",1,50,"[0, 5, 7, 5]",1,0,100155,517,5,"[1, 1, 1, 1, 2]","[10000, 11000, 12000, 13000, 14000, 15000]","['1|9|9|9', '2|25|25|25', '3|32|32|32', '4|40|40|40', '5|48|48|48']",0,1,"[110, 110, 110]","[31, 51, 70]",25,536,1
100155,1001550,1001551,1001552,Angsai_1.mp3|Angsai_2.mp3|Angsai_3.mp3,440122|440123,sprite/common/elf/drawing/pic/draw_100154.png,sprite/common/elf/head_icon/elf_100155.png,sprite/common/elf/pic/elf_100155.png,sprite/common/elf/head_icon/elf_100155.png,sprite/common/elf/cartoon/100154.png,5,1,4,2,20000,"[1, 2, 3, 4]","[45, 254, 351, 253]",50,70,"[0, 7, 8, 5]",1,100154,0,0,0,"[1, 1, 1, 1, 2]","[10000, 11000, 12000, 13000, 14000, 15000]","['1|9|9|9', '2|25|25|25', '3|32|32|32', '4|40|40|40', '5|48|48|48']",0,1,"[110, 110, 110]","[31, 51, 70]",25,536,1
100156,1001560,1001561,1001562,Lajieer_1.mp3|Lajieer_2.mp3|Lajieer_3.mp3,440124|440125,sprite/common/elf/drawing/pic/draw_100156.png,sprite/common/elf/head_icon/elf_100156.png,sprite/common/elf/pic/elf_100156.png,sprite/common/elf/head_icon/elf_100156.png,sprite/common/elf/cartoon/100156.png,5,0,3,1,10000,"[1, 2, 3, 4]","[20, 10, 13, 5]",1,50,"[0, 5, 10, 3]",3,0,100157,517,5,"[1, 1, 1, 1, 2]","[10000, 11000, 12000, 13000, 14000, 15000]","['1|9|9|9', '2|25|25|25', '3|32|32|32', '4|40|40|40', '5|48|48|48']",0,1,"[111, 111, 111]","[31, 51, 70]",25,536,1
100157,1001570,1001571,1001572,Lajieer_1.mp3|Lajieer_2.mp3|Lajieer_3.mp3,440124|440125,sprite/common/elf/drawing/pic/draw_100156.png,sprite/common/elf/head_icon/elf_100157.png,sprite/common/elf/pic/elf_100157.png,sprite/common/elf/head_icon/elf_100157.png,sprite/common/elf/cartoon/100156.png,5,1,3,1,20000,"[1, 2, 3, 4]","[42, 255, 503, 152]",50,70,"[0, 7, 10, 4]",3,100156,0,0,0,"[1, 1, 1, 1, 2]","[10000, 11000, 12000, 13000, 14000, 15000]","['1|9|9|9', '2|25|25|25', '3|32|32|32', '4|40|40|40', '5|48|48|48']",0,1,"[111, 111, 111]","[31, 51, 70]",25,536,1
100162,1001620,1001621,1001622,,440164|440165,,sprite/common/elf/head_icon/elf_100162.png,sprite/common/elf/pic/elf_100162.png,sprite/common/elf/head_icon/elf_100162.png,sprite/common/elf/cartoon/100162.png,4,0,2,4,10000,"[1, 2, 3, 4]","[16, 6, 8, 5]",1,50,"[0, 5, 7, 4]",3,0,100163,516,5,"[1, 1, 2, 1, 1]","[10000, 11000, 12000, 13000, 14000, 15000]","['1|7|7|7', '1|18|18|18', '2|25|25|25', '3|32|32|32', '4|40|40|40']",0,1,"[114, 114, 114]","[31, 51, 70]",10,535,50
100163,1001630,1001631,1001632,,440164|440165,,sprite/common/elf/head_icon/elf_100163.png,sprite/common/elf/pic/elf_100163.png,sprite/common/elf/head_icon/elf_100163.png,sprite/common/elf/cartoon/100162.png,4,1,2,4,18500,"[1, 2, 3, 4]","[36, 251, 351, 201]",50,70,"[0, 6, 8, 4]",3,100162,0,0,0,"[1, 1, 2, 1, 1]","[10000, 11000, 12000, 13000, 14000, 15000]","['1|7|7|7', '1|18|18|18', '2|25|25|25', '3|32|32|32', '4|40|40|40']",0,1,"[114, 114, 114]","[31, 51, 70]",10,535,50
100164,1001640,1001641,1001642,Cubao_1.mp3|Cubao_2.mp3|Cubao_3.mp3,440166|440167,sprite/common/elf/drawing/pic/draw_100164.png,sprite/common/elf/head_icon/elf_100164.png,sprite/common/elf/pic/elf_100164.png,sprite/common/elf/head_icon/elf_100164.png,sprite/common/elf/cartoon/100164.png,3,0,3,2,10000,"[1, 2, 3, 4]","[14, 6, 5, 3]",1,50,"[0, 5, 5, 4]",2,0,100165,515,10,"[1, 1, 2, 1, 1]","[10000, 11000, 12000, 13000, 14000, 15000]","['1|7|7|7', '1|15|15|15', '2|20|20|20', '3|25|25|25', '3|30|30|30']",0,1,"[115, 115, 115]","[31, 51, 70]",5,535,50
100165,1001650,1001651,1001652,Cubao_1.mp3|Cubao_2.mp3|Cubao_3.mp3,440166|440167,sprite/common/elf/drawing/pic/draw_100164.png,sprite/common/elf/head_icon/elf_100165.png,sprite/common/elf/pic/elf_100165.png,sprite/common/elf/head_icon/elf_100165.png,sprite/common/elf/cartoon/100164.png,3,1,3,2,17000,"[1, 2, 3, 4]","[28, 251, 250, 199]",50,70,"[0, 7, 5, 4]",2,100164,0,0,0,"[1, 1, 2, 1, 1]","[10000, 11000, 12000, 13000, 14000, 15000]","['1|7|7|7', '1|15|15|15', '2|20|20|20', '3|25|25|25', '3|30|30|30']",0,1,"[115, 115, 115]","[31, 51, 70]",5,535,50
100166,1001660,1001661,1001662,Keerte_1.mp3|Keerte_2.mp3|Keerte_3.mp3,440168|440169,sprite/common/elf/drawing/pic/draw_100166.png,sprite/common/elf/head_icon/elf_100166.png,sprite/common/elf/pic/elf_100166.png,sprite/common/elf/head_icon/elf_100166.png,sprite/common/elf/cartoon/100166.png,3,0,3,4,10000,"[1, 2, 3, 4]","[15, 4, 4, 6]",1,50,"[0, 5, 3, 6]",4,0,100167,515,10,"[1, 1, 2, 1, 1]","[10000, 11000, 12000, 13000, 14000, 15000]","['1|7|7|7', '1|15|15|15', '2|20|20|20', '3|25|25|25', '3|30|30|30']",0,1,"[116, 116, 116]","[31, 51, 70]",5,535,50
100167,1001670,1001671,1001672,Keerte_1.mp3|Keerte_2.mp3|Keerte_3.mp3,440168|440169,sprite/common/elf/drawing/pic/draw_100166.png,sprite/common/elf/head_icon/elf_100167.png,sprite/common/elf/pic/elf_100167.png,sprite/common/elf/head_icon/elf_100167.png,sprite/common/elf/cartoon/100166.png,3,1,3,4,17000,"[1, 2, 3, 4]","[29, 249, 151, 300]",50,70,"[0, 6, 3, 7]",4,100166,0,0,0,"[1, 1, 2, 1, 1]","[10000, 11000, 12000, 13000, 14000, 15000]","['1|7|7|7', '1|15|15|15', '2|20|20|20', '3|25|25|25', '3|30|30|30']",0,1,"[116, 116, 116]","[31, 51, 70]",5,535,50
100168,1001680,1001681,1001682,Xingzai_1.mp3|Xingzai_2.mp3|Xingzai_3.mp3,440170|440171,sprite/common/elf/drawing/pic/draw_100168.png,sprite/common/elf/head_icon/elf_100168.png,sprite/common/elf/pic/elf_100168.png,sprite/common/elf/head_icon/elf_100168.png,sprite/common/elf/cartoon/100168.png,4,0,4,2,10000,"[1, 2, 3, 4]","[20, 7, 7, 7]",1,50,"[0, 6, 5, 5]",1,0,100169,516,5,"[1, 1, 2, 1, 1]","[10000, 11000, 12000, 13000, 14000, 15000]","['1|7|7|7', '1|18|18|18', '2|25|25|25', '3|32|32|32', '4|40|40|40']",0,1,"[117, 117, 117]","[31, 51, 70]",10,535,50
100169,1001690,1001691,1001692,Xingzai_1.mp3|Xingzai_2.mp3|Xingzai_3.mp3,440170|440171,sprite/common/elf/drawing/pic/draw_100168.png,sprite/common/elf/head_icon/elf_100169.png,sprite/common/elf/pic/elf_100169.png,sprite/common/elf/head_icon/elf_100169.png,sprite/common/elf/cartoon/100168.png,4,1,4,2,18500,"[1, 2, 3, 4]","[40, 301, 252, 252]",50,70,"[0, 7, 6, 6]",1,100168,0,0,0,"[1, 1, 2, 1, 1]","[10000, 11000, 12000, 13000, 14000, 15000]","['1|7|7|7', '1|18|18|18', '2|25|25|25', '3|32|32|32', '4|40|40|40']",0,1,"[117, 117, 117]","[31, 51, 70]",10,535,50
100170,1001700,1001701,1001702,Talantu_1.mp3|Talantu_2.mp3|Talantu_3.mp3,440172|440173,sprite/common/elf/drawing/pic/draw_100170.png,sprite/common/elf/head_icon/elf_100170.png,sprite/common/elf/pic/elf_100170.png,sprite/common/elf/head_icon/elf_100170.png,sprite/common/elf/cartoon/100170.png,3,0,2,4,10000,"[1, 2, 3, 4]","[14, 5, 2, 6]",1,50,"[0, 6, 3, 4]",2,0,100171,515,10,"[1, 1, 2, 3, 3]","[10000, 11000, 12000, 13000, 14000, 15000]","['1|7|7|7', '1|15|15|15', '2|20|20|20', '3|25|25|25', '3|30|30|30']",0,1,"[118, 118, 118]","[31, 51, 70]",5,535,50
100171,1001710,1001711,1001712,Talantu_1.mp3|Talantu_2.mp3|Talantu_3.mp3,440172|440173,sprite/common/elf/drawing/pic/draw_100170.png,sprite/common/elf/head_icon/elf_100171.png,sprite/common/elf/pic/elf_100171.png,sprite/common/elf/head_icon/elf_100171.png,sprite/common/elf/cartoon/100170.png,3,1,2,4,17000,"[1, 2, 3, 4]","[29, 299, 149, 202]",50,70,"[0, 7, 3, 6]",2,100170,0,0,0,"[1, 1, 2, 3, 3]","[10000, 11000, 12000, 13000, 14000, 15000]","['1|7|7|7', '1|15|15|15', '2|20|20|20', '3|25|25|25', '3|30|30|30']",0,1,"[118, 118, 118]","[31, 51, 70]",5,535,50
100172,1001720,1001721,1001722,Aerge_1.mp3|Aerge_2.mp3|Aerge_3.mp3,440174|440175,sprite/common/elf/drawing/pic/draw_100172.png,sprite/common/elf/head_icon/elf_100172.png,sprite/common/elf/pic/elf_100172.png,sprite/common/elf/head_icon/elf_100172.png,sprite/common/elf/cartoon/100172.png,4,0,3,1,10000,"[1, 2, 3, 4]","[18, 8, 5, 4]",1,50,"[0, 7, 3, 5]",2,0,100173,516,5,"[1, 1, 2, 3, 3]","[10000, 11000, 12000, 13000, 14000, 15000]","['1|7|7|7', '1|18|18|18', '2|25|25|25', '3|32|32|32', '4|40|40|40']",0,1,"[119, 119, 119]","[31, 51, 70]",10,535,50
100173,1001730,1001731,1001732,Aerge_1.mp3|Aerge_2.mp3|Aerge_3.mp3,440174|440175,sprite/common/elf/drawing/pic/draw_100172.png,sprite/common/elf/head_icon/elf_100173.png,sprite/common/elf/pic/elf_100173.png,sprite/common/elf/head_icon/elf_100173.png,sprite/common/elf/cartoon/100172.png,4,1,3,1,18500,"[1, 2, 3, 4]","[40, 351, 152, 249]",50,70,"[0, 7, 5, 6]",2,100172,0,0,0,"[1, 1, 2, 3, 3]","[10000, 11000, 12000, 13000, 14000, 15000]","['1|7|7|7', '1|18|18|18', '2|25|25|25', '3|32|32|32', '4|40|40|40']",0,1,"[119, 119, 119]","[31, 51, 70]",10,535,50
100174,1001740,1001741,1001742,Hailun_1.mp3|Hailun_2.mp3|Hailun_3.mp3,440176|440177,,sprite/common/elf/head_icon/elf_100174.png,sprite/common/elf/pic/elf_100174.png,sprite/common/elf/head_icon/elf_100174.png,sprite/common/elf/cartoon/100174.png,4,0,1,2,10000,"[1, 2, 3, 4]","[19, 6, 6, 6]",1,50,"[0, 4, 7, 4]",3,0,100175,516,5,"[1, 1, 2, 3, 3]","[10000, 11000, 12000, 13000, 14000, 15000]","['1|7|7|7', '1|18|18|18', '2|25|25|25', '3|32|32|32', '4|40|40|40']",0,1,"[120, 120, 120]","[31, 51, 70]",10,535,50
100175,1001750,1001751,1001752,Hailun_1.mp3|Hailun_2.mp3|Hailun_3.mp3,440176|440177,,sprite/common/elf/head_icon/elf_100175.png,sprite/common/elf/pic/elf_100175.png,sprite/common/elf/head_icon/elf_100175.png,sprite/common/elf/cartoon/100174.png,4,1,1,2,18500,"[1, 2, 3, 4]","[39, 202, 349, 202]",50,70,"[0, 5, 8, 5]",3,100174,0,0,0,"[1, 1, 2, 3, 3]","[10000, 11000, 12000, 13000, 14000, 15000]","['1|7|7|7', '1|18|18|18', '2|25|25|25', '3|32|32|32', '4|40|40|40']",0,1,"[120, 120, 120]","[31, 51, 70]",10,535,50
