id,名称,描述,开发备注,图标,类型,不知道,所属类型,不知道,不知道,不知道,不知道,不知道,等级,不知道,不知道,不知道,不知道,不知道,配方物品[item],配方类型,配方数量,人物喜好[npc],不知道,不知道
9000,90000,90001,90002,sprite/common/item/icon/end_product/item_9000.png,1,1,5,50,20000,10000,3000,30,1,10000,50,0,0,,[1000],[-1],[2],0,0,
9001,90010,90011,90012,sprite/common/item/icon/end_product/item_9001.png,1,5,3,10,20000,9500,3000,3,1,9000,50,0,0,,"[1000, 1001]","[-1, -1]","[2, 2]",7000003,0,
9002,90020,90021,90022,sprite/common/item/icon/end_product/item_9002.png,1,112,2,3,16000,8500,20000,20,3,7000,150,0,0,,"[1000, 1001, 1012]","[-1, -1, -1]","[2, 3, 5]",0,0,
9003,90030,90031,90032,sprite/common/item/icon/end_product/item_9003.png,1,39,2,3,16000,8500,20000,20,3,7000,150,0,0,,"[1000, 1002, 1009, 7001, 7021]","[-1, -1, -1, -1, -1]","[1, 1, 1, 1, 2]",0,0,
9004,90040,90041,90042,sprite/common/item/icon/end_product/item_9004.png,1,9,4,10,20000,9500,3000,3,1,9000,50,0,0,,"[1000, 1002, 7000]","[-1, -1, -1]","[2, 2, 1]",7000004,0,
9005,90050,90051,90052,sprite/common/item/icon/end_product/item_9005.png,1,10,2,5,18000,9000,9000,6,2,8000,100,0,0,,"[1000, 1002, 7001]","[-1, -1, -1]","[2, 1, 2]",0,0,
9006,90060,90061,90062,sprite/common/item/icon/end_product/item_9006.png,1,11,2,5,18000,9000,9000,6,2,8000,100,0,0,,"[1000, 1002, 7001, 7003]","[-1, -1, -1, -1]","[5, 2, 1, 1]",0,0,
9007,90070,90071,90072,sprite/common/item/icon/end_product/item_9007.png,1,33,2,5,18000,9000,9000,6,2,8000,100,0,0,,"[1000, 1002, 7001, 7005]","[-1, -1, -1, -1]","[5, 2, 1, 1]",7000005,0,
9008,90080,90081,90082,sprite/common/item/icon/end_product/item_9008.png,1,63,2,2,14000,8000,37500,15,4,6000,200,0,0,,"[1000, 1002, 7001, 7018]","[-1, -1, -1, -1]","[1, 1, 1, 1]",0,0,
9009,90090,90091,90092,sprite/common/item/icon/end_product/item_9009.png,1,69,2,5,18000,9000,9000,6,2,8000,100,0,0,,"[1000, 1019]","[-1, -1]","[3, 5]",7000003,0,
9010,90100,90101,90102,sprite/common/item/icon/end_product/item_9010.png,1,2,5,40,20000,9500,3000,3,1,9000,50,0,0,,"[1000, 7000]","[-1, -1]","[2, 2]",7000010,0,
9011,90110,90111,90112,sprite/common/item/icon/end_product/item_9011.png,1,3,5,40,20000,9500,3000,3,1,6000,200,0,0,,"[1000, 7000]","[-1, -1]","[4, 5]",0,0,
9012,90120,90121,90122,sprite/common/item/icon/end_product/item_9012.png,1,4,2,35,18000,9000,9000,6,2,8000,100,0,0,,"[1000, 7003]","[-1, -1]","[8, 2]",7000010,0,
9013,90130,90131,90132,sprite/common/item/icon/end_product/item_9013.png,1,16,3,10,20000,9500,3000,3,1,9000,50,0,0,,"[1001, 1002, 1003]","[-1, -1, -1]","[3, 1, 1]",7000011,0,
9014,90140,90141,90142,sprite/common/item/icon/end_product/item_9014.png,1,19,3,5,18000,9000,9000,6,2,8000,100,0,0,,"[1001, 1006, 7003]","[-1, -1, -1]","[8, 2, 1]",7000004,0,
9015,90150,90151,90152,sprite/common/item/icon/end_product/item_9015.png,1,75,3,3,16000,8500,20000,20,3,7000,150,0,0,,"[1001, 1006, 1011]","[-1, -1, -1]","[2, 3, 3]",0,0,
9016,90160,90161,90162,sprite/common/item/icon/end_product/item_9016.png,1,58,3,5,18000,9000,9000,6,2,8000,100,0,0,,"[1001, 1006, 1025]","[-1, -1, -1]","[4, 4, 4]",7000007,0,
9017,90170,90171,90172,sprite/common/item/icon/end_product/item_9017.png,1,85,3,2,14000,8000,37500,15,4,6000,200,0,0,,"[1001, 1016]","[-1, -1]","[6, 3]",0,0,
9018,90180,90181,90182,sprite/common/item/icon/end_product/item_9018.png,1,131,3,1,12000,7500,60000,20,5,5000,250,0,0,,"[1001, 1024, 7010]","[-1, -1, -1]","[7, 2, 2]",0,0,
9019,90190,90191,90192,sprite/common/item/icon/end_product/item_9019.png,1,6,3,10,20000,9500,3000,3,1,9000,50,0,0,,"[1001, 7000]","[-1, -1]","[3, 1]",7000005,0,
9020,90200,90201,90202,sprite/common/item/icon/end_product/item_9020.png,1,20,3,2,14000,8000,37500,15,4,6000,200,0,0,,"[1001, 7001, 7010]","[-1, -1, -1]","[7, 1, 1]",0,0,
9021,90210,90211,90212,sprite/common/item/icon/end_product/item_9021.png,1,7,3,35,18000,9000,9000,6,2,8000,100,0,0,,"[1001, 7003]","[-1, -1]","[6, 4]",0,0,
9022,90220,90221,90222,sprite/common/item/icon/end_product/item_9022.png,1,13,3,10,20000,9500,3000,3,1,9000,50,0,0,,"[1001, 7004]","[-1, -1]","[1, 1]",7000013,0,
9023,90230,90231,90232,sprite/common/item/icon/end_product/item_9023.png,1,23,3,2,14000,8000,37500,15,4,6000,200,0,0,,"[1001, 7007, 7010]","[-1, -1, -1]","[5, 2, 1]",0,0,
9024,90240,90241,90242,sprite/common/item/icon/end_product/item_9024.png,1,17,2,10,20000,9500,3000,3,1,9000,50,0,0,,"[1002, 1003]","[-1, -1]","[3, 3]",7000007,0,
9025,90250,90251,90252,sprite/common/item/icon/end_product/item_9025.png,1,36,4,5,18000,9000,9000,6,2,8000,100,0,0,,"[1002, 1004, 7004]","[-1, -1, -1]","[3, 3, 3]",0,0,
9026,90260,90261,90262,sprite/common/item/icon/end_product/item_9026.png,1,31,4,3,16000,8500,20000,20,3,7000,150,0,0,,"[1002, 1007, 1009]","[-1, -1, -1]","[5, 4, 4]",7000003,0,
9027,90270,90271,90272,sprite/common/item/icon/end_product/item_9027.png,1,29,4,5,18000,9000,9000,6,2,8000,100,0,0,,"[1002, 1007, 1028]","[-1, -1, -1]","[4, 4, 4]",0,0,
9028,90280,90281,90282,sprite/common/item/icon/end_product/item_9028.png,1,143,4,1,12000,7500,60000,20,5,5000,250,0,0,,"[1002, 1007, 1027]","[-1, -1, -1]","[3, 5, 3]",0,0,
9029,90290,90291,90292,sprite/common/item/icon/end_product/item_9029.png,1,12,4,10,20000,9500,3000,3,1,9000,50,0,0,,"[1002, 7000]","[-1, -1]","[4, 1]",7000008,0,
9030,90300,90301,90302,sprite/common/item/icon/end_product/item_9030.png,1,14,4,10,20000,9500,3000,3,1,9000,50,0,0,,"[1002, 7004]","[-1, -1]","[2, 2]",7000009,0,
9031,90310,90311,90312,sprite/common/item/icon/end_product/item_9031.png,1,30,4,5,18000,9000,9000,6,2,8000,100,0,0,,"[1002, 1007, 7013]","[-1, -1, -1]","[2, 3, 3]",0,0,
9032,90320,90321,90322,sprite/common/item/icon/end_product/item_9032.png,1,64,4,2,14000,8000,37500,15,4,6000,200,0,0,,"[1002, 7014, 7018, 7021]","[-1, -1, -1, -1]","[1, 1, 1, 1]",7000007,0,
9033,90330,90331,90332,sprite/common/item/icon/end_product/item_9033.png,1,34,1,5,18000,9000,9000,6,2,8000,100,0,0,,"[1003, 1028, 7005]","[-1, -1, -1]","[1, 1, 4]",0,0,
9034,90340,90341,90342,sprite/common/item/icon/end_product/item_9034.png,1,55,1,3,16000,8500,20000,20,3,7000,150,0,0,,"[1003, 1028, 7006]","[-1, -1, -1]","[4, 3, 3]",7000005,0,
9035,90350,90351,90352,sprite/common/item/icon/end_product/item_9035.png,1,24,1,5,18000,9000,9000,6,2,8000,100,0,0,,"[1003, 1028, 7007]","[-1, -1, -1]","[6, 1, 2]",7000012,0,
9036,90360,90361,90362,sprite/common/item/icon/end_product/item_9036.png,1,43,1,3,16000,8500,20000,20,3,7000,150,0,0,,"[1003, 1028, 7017]","[-1, -1, -1]","[7, 6, 1]",0,0,
9037,90370,90371,90372,sprite/common/item/icon/end_product/item_9037.png,1,65,1,2,14000,8000,37500,15,4,6000,200,0,0,,"[1003, 1028, 7018]","[-1, -1, -1]","[1, 1, 1]",7000011,0,
9038,90380,90381,90382,sprite/common/item/icon/end_product/item_9038.png,1,18,1,10,20000,9500,3000,3,1,9000,50,0,0,,"[1003, 7000]","[-1, -1]","[4, 1]",7000006,0,
9039,90390,90391,90392,sprite/common/item/icon/end_product/item_9039.png,1,25,1,2,14000,8000,37500,15,4,6000,200,0,0,,"[1003, 7007, 7010]","[-1, -1, -1]","[5, 3, 1]",7000003,0,
9040,90400,90401,90402,sprite/common/item/icon/end_product/item_9040.png,1,47,1,3,16000,8500,20000,20,3,7000,150,0,0,,"[1004, 1008]","[-1, -1]","[6, 3]",0,0,
9041,90410,90411,90412,sprite/common/item/icon/end_product/item_9041.png,1,48,1,3,16000,8500,20000,20,3,7000,150,0,0,,"[1004, 1008, 7000]","[-1, -1, -1]","[6, 2, 6]",7000013,0,
9042,90420,90421,90422,sprite/common/item/icon/end_product/item_9042.png,1,49,1,2,14000,8000,37500,15,4,6000,200,0,0,,"[1004, 1008, 7010]","[-1, -1, -1]","[1, 1, 1]",0,0,
9043,90430,90431,90432,sprite/common/item/icon/end_product/item_9043.png,1,137,1,2,14000,8000,37500,15,4,6000,200,0,0,,"[1004, 1012, 1026, 7002]","[-1, -1, -1, -1]","[1, 1, 1, 1]",0,0,
9044,90440,90441,90442,sprite/common/item/icon/end_product/item_9044.png,1,37,2,5,18000,9000,9000,6,2,8000,100,0,0,,"[1005, 1007]","[-1, -1]","[5, 5]",7000012,0,
9045,90450,90451,90452,sprite/common/item/icon/end_product/item_9045.png,1,132,2,1,12000,7500,60000,20,5,5000,250,0,0,,"[1005, 1011, 1024, 7013]","[-1, -1, -1, -1]","[4, 2, 2, 3]",7000005,0,
9046,90460,90461,90462,sprite/common/item/icon/end_product/item_9046.png,1,128,2,2,14000,8000,37500,15,4,6000,200,0,0,,"[1005, 1015, 1019, 1023]","[-1, -1, -1, -1]","[6, 1, 2, 1]",7000009,0,
9047,90470,90471,90472,sprite/common/item/icon/end_product/item_9047.png,1,88,2,2,14000,8000,37500,15,4,6000,200,0,0,,"[1005, 1017, 7014, 7017]","[-1, -1, -1, -1]","[1, 2, 1, 1]",0,0,
9048,90480,90481,90482,sprite/common/item/icon/end_product/item_9048.png,1,138,2,2,14000,8000,37500,15,4,6000,200,0,0,,"[1005, 1006, 1026]","[-1, -1, -1]","[5, 5, 2]",0,0,
9049,90490,90491,90492,sprite/common/item/icon/end_product/item_9049.png,1,59,4,5,18000,9000,9000,6,2,8000,100,0,0,,"[1005, 1025, 7014]","[-1, -1, -1]","[1, 3, 1]",7000011,0,
9050,90500,90501,90502,sprite/common/item/icon/end_product/item_9050.png,1,44,2,3,16000,8500,20000,20,3,7000,150,0,0,,"[1005, 7014, 7017]","[-1, -1, -1]","[4, 2, 1]",7000004,0,
9051,90510,90511,90512,sprite/common/item/icon/end_product/item_9051.png,1,27,4,3,16000,8500,20000,20,3,7000,150,0,0,,"[1006, 7002]","[-1, -1]","[1, 1]",7000010,0,
9052,90520,90521,90522,sprite/common/item/icon/end_product/item_9052.png,1,26,3,5,18000,9000,9000,6,2,8000,100,0,0,,"[1006, 7013]","[-1, -1]","[7, 1]",0,0,
9053,90530,90531,90532,sprite/common/item/icon/end_product/item_9053.png,1,66,4,2,14000,8000,37500,15,4,6000,200,0,0,,"[1006, 7018]","[-1, -1]","[1, 1]",0,0,
9054,90540,90541,90542,sprite/common/item/icon/end_product/item_9054.png,1,32,4,3,16000,8500,20000,20,3,7000,150,0,0,,"[1007, 7020]","[-1, -1]","[1, 1]",0,0,
9055,90550,90551,90552,sprite/common/item/icon/end_product/item_9055.png,1,50,4,3,16000,8500,20000,20,3,7000,150,0,0,,"[1008, 7000, 7014]","[-1, -1, -1]","[3, 2, 1]",0,0,
9056,90560,90561,90562,sprite/common/item/icon/end_product/item_9056.png,1,51,3,3,16000,8500,20000,20,3,7000,150,0,0,,"[1008, 7002, 7005]","[-1, -1, -1]","[1, 1, 1]",0,0,
9057,90570,90571,90572,sprite/common/item/icon/end_product/item_9057.png,1,52,2,3,16000,8500,20000,20,3,7000,150,0,0,,"[1008, 7004, 7007]","[-1, -1, -1]","[2, 1, 1]",0,0,
9058,90580,90581,90582,sprite/common/item/icon/end_product/item_9058.png,1,53,1,3,16000,8500,20000,20,3,7000,150,0,0,,"[1008, 7005]","[-1, -1]","[3, 3]",7000011,0,
9059,90590,90591,90592,sprite/common/item/icon/end_product/item_9059.png,1,56,1,3,16000,8500,20000,20,3,7000,150,0,0,,"[1008, 7005, 7006]","[-1, -1, -1]","[3, 2, 1]",7000009,0,
9060,90600,90601,90602,sprite/common/item/icon/end_product/item_9060.png,1,54,1,3,16000,8500,20000,20,3,7000,150,0,0,,"[1008, 7005, 7007]","[-1, -1, -1]","[3, 1, 1]",0,0,
9061,90610,90611,90612,sprite/common/item/icon/end_product/item_9061.png,1,93,1,2,14000,8000,37500,15,4,6000,200,0,0,,"[1008, 1029, 7007]","[-1, -1, -1]","[1, 2, 1]",0,0,
9062,90620,90621,90622,sprite/common/item/icon/end_product/item_9062.png,1,123,1,1,12000,7500,60000,20,5,5000,250,0,0,,"[1009, 1010, 7022, 7023]","[-1, -1, -1, -1]","[9, 2, 1, 1]",7000007,0,
9063,90630,90631,90632,sprite/common/item/icon/end_product/item_9063.png,1,70,1,3,16000,8500,20000,20,3,7000,150,0,0,,"[1009, 1019, 7021]","[-1, -1, -1]","[4, 2, 1]",0,0,
9064,90640,90641,90642,sprite/common/item/icon/end_product/item_9064.png,1,94,1,2,14000,8000,37500,15,4,6000,200,0,0,,"[1009, 1029, 7021]","[-1, -1, -1]","[5, 1, 1]",7000010,0,
9065,90650,90651,90652,sprite/common/item/icon/end_product/item_9065.png,1,40,1,3,16000,8500,20000,20,3,7000,150,0,0,,"[1009, 7001, 7021]","[-1, -1, -1]","[1, 1, 2]",0,0,
9066,90660,90661,90662,sprite/common/item/icon/end_product/item_9066.png,1,41,1,3,16000,8500,20000,20,3,7000,150,0,0,,"[1009, 7021]","[-1, -1]","[1, 1]",7000012,0,
9067,90670,90671,90672,sprite/common/item/icon/end_product/item_9067.png,1,124,1,1,12000,7500,60000,20,5,5000,250,0,0,,"[1010, 1014, 1029, 7000]","[-1, -1, -1, -1]","[4, 2, 1, 1]",0,0,
9068,90680,90681,90682,sprite/common/item/icon/end_product/item_9068.png,1,125,1,1,12000,7500,60000,20,5,5000,250,0,0,,"[1010, 1014, 7000]","[-1, -1, -1]","[6, 1, 9]",0,0,
9069,90690,90691,90692,sprite/common/item/icon/end_product/item_9069.png,1,126,1,2,14000,8000,37500,15,4,6000,200,0,0,,"[1010, 1029, 7021]","[-1, -1, -1]","[1, 1, 2]",0,0,
9070,90700,90701,90702,sprite/common/item/icon/end_product/item_9070.png,1,127,1,2,14000,8000,37500,15,4,6000,200,0,0,,"[1010, 7022]","[-1, -1]","[1, 1]",0,0,
9071,90710,90711,90712,sprite/common/item/icon/end_product/item_9071.png,1,76,1,3,16000,8500,20000,20,3,7000,150,0,0,,"[1011, 1019, 7013]","[-1, -1, -1]","[4, 1, 2]",0,0,
9072,90720,90721,90722,sprite/common/item/icon/end_product/item_9072.png,1,77,2,2,14000,8000,37500,15,4,6000,200,0,0,,"[1011, 7008]","[-1, -1]","[1, 1]",7000004,0,
9073,90730,90731,90732,sprite/common/item/icon/end_product/item_9073.png,1,78,2,3,16000,8500,20000,20,3,7000,150,0,0,,"[1011, 7011]","[-1, -1]","[1, 1]",0,0,
9074,90740,90741,90742,sprite/common/item/icon/end_product/item_9074.png,1,79,4,3,16000,8500,20000,20,3,7000,150,0,0,,"[1005, 1011, 7014]","[-1, -1, -1]","[5, 3, 1]",0,0,
9075,90750,90751,90752,sprite/common/item/icon/end_product/item_9075.png,1,113,2,1,12000,7500,60000,20,5,5000,250,0,0,,"[1012, 1014, 1015, 7019]","[-1, -1, -1, -1]","[1, 1, 1, 1]",7000009,0,
9076,90760,90761,90762,sprite/common/item/icon/end_product/item_9076.png,1,144,1,1,12000,7500,60000,20,5,5000,250,0,0,,"[1012, 1014, 1027]","[-1, -1, -1]","[1, 1, 1]",7000003,0,
9077,90770,90771,90772,sprite/common/item/icon/end_product/item_9077.png,1,133,3,1,12000,7500,60000,20,5,5000,250,0,0,,"[1012, 1021, 1024, 7008, 7020]","[-1, -1, -1, -1, -1]","[1, 1, 1, 1, 1]",0,0,
9078,90780,90781,90782,sprite/common/item/icon/end_product/item_9078.png,1,145,3,1,12000,7500,60000,20,5,5000,250,0,0,,"[1012, 1022, 1027]","[-1, -1, -1]","[9, 3, 2]",0,0,
9079,90790,90791,90792,sprite/common/item/icon/end_product/item_9079.png,1,146,1,1,12000,7500,60000,20,5,5000,250,0,0,,"[1012, 1027, 7002]","[-1, -1, -1]","[3, 2, 1]",0,0,
9080,90800,90801,90802,sprite/common/item/icon/end_product/item_9080.png,1,114,2,2,14000,8000,37500,15,4,6000,200,0,0,,"[1013, 1015, 1022]","[-1, -1, -1]","[1, 1, 5]",0,0,
9081,90810,90811,90812,sprite/common/item/icon/end_product/item_9081.png,1,86,3,2,14000,8000,37500,15,4,6000,200,0,0,,"[1013, 1016, 1021]","[-1, -1, -1]","[1, 2, 6]",0,0,
9082,90820,90821,90822,sprite/common/item/icon/end_product/item_9082.png,1,147,2,1,12000,7500,60000,20,5,5000,250,0,0,,"[1013, 1017, 1018, 1027]","[-1, -1, -1, -1]","[6, 3, 1, 1]",0,0,
9083,90830,90831,90832,sprite/common/item/icon/end_product/item_9083.png,1,89,4,2,14000,8000,37500,15,4,6000,200,0,0,,"[1013, 1017, 1025]","[-1, -1, -1]","[2, 2, 2]",0,0,
9084,90840,90841,90842,sprite/common/item/icon/end_product/item_9084.png,1,119,2,1,12000,7500,60000,20,5,5000,250,0,0,,"[1013, 1018, 1021]","[-1, -1, -1]","[8, 2, 6]",0,0,
9085,90850,90851,90852,sprite/common/item/icon/end_product/item_9085.png,1,134,4,1,12000,7500,60000,20,5,5000,250,0,0,,"[1013, 1019, 1024, 1029]","[-1, -1, -1, -1]","[6, 7, 2, 1]",0,0,
9086,90860,90861,90862,sprite/common/item/icon/end_product/item_9086.png,1,80,4,3,16000,8500,20000,20,3,7000,150,0,0,,"[1013, 1025, 7006]","[-1, -1, -1]","[1, 3, 2]",7000007,0,
9087,90870,90871,90872,sprite/common/item/icon/end_product/item_9087.png,1,81,4,3,16000,8500,20000,20,3,7000,150,0,0,,"[1013, 1025, 7017]","[-1, -1, -1]","[3, 1, 1]",0,0,
9088,90880,90881,90882,sprite/common/item/icon/end_product/item_9088.png,1,82,4,2,14000,8000,37500,15,4,6000,200,0,0,,"[1013, 7012, 7013]","[-1, -1, -1]","[1, 1, 1]",0,0,
9089,90890,90891,90892,sprite/common/item/icon/end_product/item_9089.png,1,108,1,1,12000,7500,60000,20,5,5000,250,0,0,,"[1014, 1029, 7000]","[-1, -1, -1]","[1, 6, 7]",7000004,0,
9090,90900,90901,90902,sprite/common/item/icon/end_product/item_9090.png,1,109,1,1,12000,7500,60000,20,5,5000,250,0,0,,"[1014, 7000, 7004]","[-1, -1, -1]","[3, 8, 5]",0,0,
9091,90910,90911,90912,sprite/common/item/icon/end_product/item_9091.png,1,110,1,1,12000,7500,60000,20,5,5000,250,0,0,,"[1014, 7002]","[-1, -1]","[2, 1]",0,0,
9092,90920,90921,90922,sprite/common/item/icon/end_product/item_9092.png,1,111,1,1,12000,7500,60000,20,5,5000,250,0,0,,"[1014, 7000, 7006]","[-1, -1, -1]","[3, 8, 2]",0,0,
9093,90930,90931,90932,sprite/common/item/icon/end_product/item_9093.png,1,117,2,2,14000,8000,37500,15,4,6000,200,0,0,,"[1015, 1019, 1020]","[-1, -1, -1]","[1, 2, 2]",0,0,
9094,90940,90941,90942,sprite/common/item/icon/end_product/item_9094.png,1,118,2,2,14000,8000,37500,15,4,6000,200,0,0,,"[1015, 1019, 1020, 7006]","[-1, -1, -1, -1]","[1, 5, 1, 1]",0,0,
9095,90950,90951,90952,sprite/common/item/icon/end_product/item_9095.png,1,115,2,2,14000,8000,37500,15,4,6000,200,0,0,,"[1015, 7003, 7012]","[-1, -1, -1]","[1, 1, 1]",7000005,0,
9096,90960,90961,90962,sprite/common/item/icon/end_product/item_9096.png,1,116,2,2,14000,8000,37500,15,4,6000,200,0,0,,"[1015, 7011]","[-1, -1]","[1, 1]",0,0,
9097,90970,90971,90972,sprite/common/item/icon/end_product/item_9097.png,1,90,3,2,14000,8000,37500,15,4,6000,200,0,0,,"[1016, 1017]","[-1, -1]","[1, 2]",0,0,
9098,90980,90981,90982,sprite/common/item/icon/end_product/item_9098.png,1,135,3,1,12000,7500,60000,20,5,5000,250,0,0,,"[1016, 1021, 1024]","[-1, -1, -1]","[5, 4, 1]",0,0,
9099,90990,90991,90992,sprite/common/item/icon/end_product/item_9099.png,1,139,3,2,14000,8000,37500,15,4,6000,200,0,0,,"[1016, 1022, 1026]","[-1, -1, -1]","[1, 3, 1]",7000008,0,
9100,91000,91001,91002,sprite/common/item/icon/end_product/item_9100.png,1,136,3,1,12000,7500,60000,20,5,5000,250,0,0,,"[1016, 1023, 1024]","[-1, -1, -1]","[3, 5, 1]",0,0,
9101,91010,91011,91012,sprite/common/item/icon/end_product/item_9101.png,1,104,3,1,12000,7500,60000,20,5,5000,250,0,0,,"[1016, 7012, 7019]","[-1, -1, -1]","[1, 1, 1]",0,0,
9102,91020,91021,91022,sprite/common/item/icon/end_product/item_9102.png,1,91,4,2,14000,8000,37500,15,4,6000,200,0,0,,"[1017, 7003]","[-1, -1]","[3, 1]",0,0,
9103,91030,91031,91032,sprite/common/item/icon/end_product/item_9103.png,1,92,4,2,14000,8000,37500,15,4,6000,200,0,0,,"[1017, 7022]","[-1, -1]","[1, 1]",0,0,
9104,91040,91041,91042,sprite/common/item/icon/end_product/item_9104.png,1,120,4,1,12000,7500,60000,20,5,5000,250,0,0,,"[1018, 1020, 7006]","[-1, -1, -1]","[2, 6, 1]",7000013,0,
9105,91050,91051,91052,sprite/common/item/icon/end_product/item_9105.png,1,121,2,1,12000,7500,60000,20,5,5000,250,0,0,,"[1018, 1020, 7014]","[-1, -1, -1]","[2, 3, 6]",0,0,
9106,91060,91061,91062,sprite/common/item/icon/end_product/item_9106.png,1,122,2,1,12000,7500,60000,20,5,5000,250,0,0,,"[1018, 1020, 7023]","[-1, -1, -1]","[3, 2, 1]",7000010,0,
9107,91070,91071,91072,sprite/common/item/icon/end_product/item_9107.png,1,140,2,2,14000,8000,37500,15,4,6000,200,0,0,,"[1019, 1026]","[-1, -1]","[1, 3]",0,0,
9108,91080,91081,91082,sprite/common/item/icon/end_product/item_9108.png,1,83,4,1,12000,7500,60000,20,5,5000,250,0,0,,"[1019, 7022, 7023]","[-1, -1, -1]","[7, 3, 1]",0,0,
9109,91090,91091,91092,sprite/common/item/icon/end_product/item_9109.png,1,72,2,3,16000,8500,20000,20,3,7000,150,0,0,,"[1021, 1022]","[-1, -1]","[1, 5]",0,0,
9110,91100,91101,91102,sprite/common/item/icon/end_product/item_9110.png,1,96,3,1,12000,7500,60000,20,5,5000,250,0,0,,"[1021, 7016]","[-1, -1]","[4, 1]",0,0,
9111,91110,91111,91112,sprite/common/item/icon/end_product/item_9111.png,1,97,3,1,12000,7500,60000,20,5,5000,250,0,0,,"[1021, 7016, 7020]","[-1, -1, -1]","[1, 1, 1]",0,0,
9112,91120,91121,91122,sprite/common/item/icon/end_product/item_9112.png,1,57,3,1,12000,7500,60000,20,5,5000,250,0,0,,"[1021, 7020]","[-1, -1]","[8, 2]",7000011,0,
9113,91130,91131,91132,sprite/common/item/icon/end_product/item_9113.png,1,129,3,2,14000,8000,37500,15,4,6000,200,0,0,,"[1022, 1023]","[-1, -1]","[1, 3]",0,0,
9114,91140,91141,91142,sprite/common/item/icon/end_product/item_9114.png,1,148,3,1,12000,7500,60000,20,5,5000,250,0,0,,"[1022, 1027]","[-1, -1]","[6, 3]",0,0,
9115,91150,91151,91152,sprite/common/item/icon/end_product/item_9115.png,1,73,4,3,16000,8500,20000,20,3,7000,150,0,0,,"[1022, 7002]","[-1, -1]","[1, 1]",0,0,
9116,91160,91161,91162,sprite/common/item/icon/end_product/item_9116.png,1,74,3,2,14000,8000,37500,15,4,6000,200,0,0,,"[1022, 7008]","[-1, -1]","[1, 1]",7000012,0,
9117,91170,91171,91172,sprite/common/item/icon/end_product/item_9117.png,1,87,3,1,12000,7500,60000,20,5,5000,250,0,0,,"[1016, 1022, 7020]","[-1, -1, -1]","[1, 5, 2]",0,0,
9118,91180,91181,91182,sprite/common/item/icon/end_product/item_9118.png,1,130,4,2,14000,8000,37500,15,4,6000,200,0,0,,"[1023, 1025]","[-1, -1]","[3, 3]",0,0,
9119,91190,91191,91192,sprite/common/item/icon/end_product/item_9119.png,1,60,4,2,14000,8000,37500,15,4,6000,200,0,0,,"[1025, 7012]","[-1, -1]","[3, 1]",0,0,
9120,91200,91201,91202,sprite/common/item/icon/end_product/item_9120.png,1,98,2,1,12000,7500,60000,20,5,5000,250,0,0,,"[1025, 7016]","[-1, -1]","[1, 1]",0,0,
9121,91210,91211,91212,sprite/common/item/icon/end_product/item_9121.png,1,105,2,1,12000,7500,60000,20,5,5000,250,0,0,,"[1025, 7016, 7019]","[-1, -1, -1]","[1, 1, 1]",7000012,0,
9122,91220,91221,91222,sprite/common/item/icon/end_product/item_9122.png,1,141,4,1,12000,7500,60000,20,5,5000,250,0,0,,"[1026, 7006, 7009, 7015]","[-1, -1, -1, -1]","[2, 1, 1, 1]",0,0,
9123,91230,91231,91232,sprite/common/item/icon/end_product/item_9123.png,1,142,4,2,14000,8000,37500,15,4,6000,200,0,0,,"[1026, 7015]","[-1, -1]","[3, 1]",7000006,0,
9124,91240,91241,91242,sprite/common/item/icon/end_product/item_9124.png,1,149,4,1,12000,7500,60000,20,5,5000,250,0,0,,"[1027, 7019, 7022]","[-1, -1, -1]","[1, 1, 1]",0,0,
9125,91250,91251,91252,sprite/common/item/icon/end_product/item_9125.png,1,150,4,1,12000,7500,60000,20,5,5000,250,0,0,,"[1027, 7020]","[-1, -1]","[1, 1]",0,0,
9126,91260,91261,91262,sprite/common/item/icon/end_product/item_9126.png,1,21,2,5,18000,9000,9000,6,2,8000,100,0,0,,"[1028, 7000, 7014]","[-1, -1, -1]","[1, 5, 1]",7000006,0,
9127,91270,91271,91272,sprite/common/item/icon/end_product/item_9127.png,1,45,1,3,16000,8500,20000,20,3,7000,150,0,0,,"[1028, 7002, 7017]","[-1, -1, -1]","[1, 1, 1]",0,0,
9128,91280,91281,91282,sprite/common/item/icon/end_product/item_9128.png,1,22,2,5,18000,9000,9000,6,2,8000,100,0,0,,"[1028, 7014]","[-1, -1]","[6, 1]",7000009,0,
9129,91290,91291,91292,sprite/common/item/icon/end_product/item_9129.png,1,99,1,1,12000,7500,60000,20,5,5000,250,0,0,,"[1029, 7016]","[-1, -1]","[3, 1]",0,0,
9130,91300,91301,91302,sprite/common/item/icon/end_product/item_9130.png,1,100,1,1,12000,7500,60000,20,5,5000,250,0,0,,"[1029, 7016, 7020]","[-1, -1, -1]","[1, 1, 1]",0,0,
9131,91310,91311,91312,sprite/common/item/icon/end_product/item_9131.png,1,35,1,5,18000,9000,9000,6,2,8000,100,0,0,,"[7001, 7005]","[-1, -1]","[1, 3]",7000013,0,
9132,91320,91321,91322,sprite/common/item/icon/end_product/item_9132.png,1,106,1,1,12000,7500,60000,20,5,5000,250,0,0,,"[7001, 7005, 7019]","[-1, -1, -1]","[1, 5, 1]",0,0,
9133,91330,91331,91332,sprite/common/item/icon/end_product/item_9133.png,1,42,2,3,16000,8500,20000,20,3,7000,150,0,0,,"[7001, 7021]","[-1, -1]","[2, 2]",7000008,0,
9134,91340,91341,91342,sprite/common/item/icon/end_product/item_9134.png,1,28,1,3,16000,8500,20000,20,3,7000,150,0,0,,"[7002, 7004]","[-1, -1]","[1, 1]",0,0,
9135,91350,91351,91352,sprite/common/item/icon/end_product/item_9135.png,1,8,4,5,18000,9000,9000,6,2,8000,100,0,0,,"[7003, 7014]","[-1, -1]","[4, 1]",0,0,
9136,91360,91361,91362,sprite/common/item/icon/end_product/item_9136.png,1,15,5,5,18000,9000,9000,6,2,8000,100,0,0,,"[7003, 7004, 7014]","[-1, -1, -1]","[3, 1, 1]",7000008,0,
9137,91370,91371,91372,sprite/common/item/icon/end_product/item_9137.png,1,67,4,2,14000,8000,37500,15,4,6000,200,0,0,,"[7003, 7018, 7021]","[-1, -1, -1]","[1, 1, 1]",0,0,
9138,91380,91381,91382,sprite/common/item/icon/end_product/item_9138.png,1,61,3,2,14000,8000,37500,15,4,6000,200,0,0,,"[7008, 7011, 7014]","[-1, -1, -1]","[1, 1, 1]",0,0,
9139,91390,91391,91392,sprite/common/item/icon/end_product/item_9139.png,1,107,3,1,12000,7500,60000,20,5,5000,250,0,0,,"[7008, 7012, 7015, 7019]","[-1, -1, -1, -1]","[1, 1, 1, 1]",7000006,0,
9140,91400,91401,91402,sprite/common/item/icon/end_product/item_9140.png,1,62,3,2,14000,8000,37500,15,4,6000,200,0,0,,"[7008, 7013]","[-1, -1]","[1, 1]",0,0,
9141,91410,91411,91412,sprite/common/item/icon/end_product/item_9141.png,1,103,1,1,12000,7500,60000,20,5,5000,250,0,0,,"[7009, 7015, 7016]","[-1, -1, -1]","[1, 1, 1]",0,0,
9142,91420,91421,91422,sprite/common/item/icon/end_product/item_9142.png,1,71,4,2,14000,8000,37500,15,4,6000,200,0,0,,"[7022, 7017]","[-1, -1]","[1, 2]",7000013,0,
9143,91430,91431,91432,sprite/common/item/icon/end_product/item_9143.png,1,38,4,2,14000,8000,37500,15,4,6000,200,0,0,,"[7011, 7010]","[-1, -1]","[1, 1]",0,0,
9144,91440,91441,91442,sprite/common/item/icon/end_product/item_9144.png,1,84,4,1,12000,7500,60000,20,5,5000,250,0,0,,"[7011, 7012, 7013, 7021, 7023]","[-1, -1, -1, -1, -1]","[1, 1, 6, 1, 1]",0,0,
9145,91450,91451,91452,sprite/common/item/icon/end_product/item_9145.png,1,68,4,2,14000,8000,37500,15,4,6000,200,0,0,,"[7011, 7018]","[-1, -1]","[1, 1]",0,0,
9146,91460,91461,91462,sprite/common/item/icon/end_product/item_9146.png,1,101,4,1,12000,7500,60000,20,5,5000,250,0,0,,"[7012, 7016]","[-1, -1]","[1, 1]",0,0,
9147,91470,91471,91472,sprite/common/item/icon/end_product/item_9147.png,1,95,2,2,14000,8000,37500,15,4,6000,200,0,0,,"[7014, 7015]","[-1, -1]","[7, 1]",0,0,
9148,91480,91481,91482,sprite/common/item/icon/end_product/item_9148.png,1,46,4,3,16000,8500,20000,20,3,7000,150,0,0,,"[7014, 7017]","[-1, -1]","[1, 2]",7000006,0,
9149,91490,91491,91492,sprite/common/item/icon/end_product/item_9149.png,1,102,3,1,12000,7500,60000,20,5,5000,250,0,0,,"[7016, 7020]","[-1, -1]","[1, 1]",7000008,0,
9500,95000,95001,95002,sprite/common/item/icon/end_product/item_9500.png,1,211,5,1,12000,10000,60000,20,5,5000,250,0,0,,"[1051, 1000, 1001, 1002]","[-1, 22, 23, 24]","[9, 1, 1, 4]",0,0,XD9500
9501,95010,95011,95012,sprite/common/item/icon/end_product/item_9501.png,1,206,5,3,16000,10000,20000,20,3,7000,150,0,0,,"[1051, 1000, 1001]","[-1, 22, 23]","[7, 4, 1]",0,0,
9502,95020,95021,95022,sprite/common/item/icon/end_product/item_9502.png,1,209,5,3,16000,10000,20000,20,3,7000,150,0,0,,"[1050, 1000, 1001, 7000]","[-1, 24, 23, 41]","[8, 1, 3, 3]",0,0,
9503,95030,95031,95032,sprite/common/item/icon/end_product/item_9503.png,1,200,5,3,16000,10000,20000,20,3,7000,150,0,0,,"[1052, 1000, 1001, 1003]","[-1, 22, 23, 21]","[6, 2, 3, 2]",0,0,XD9503
9504,95040,95041,95042,sprite/common/item/icon/end_product/item_9504.png,1,203,5,1,12000,10000,60000,20,5,5000,250,0,0,,"[1055, 1001, 1003, 7000]","[-1, 23, 21, 41]","[5, 2, 2, 2]",0,0,XD9504
9505,95050,95051,95052,sprite/common/item/icon/end_product/item_9505.png,1,204,5,1,12000,10000,60000,20,5,5000,250,0,0,,"[1055, 1000, 1001, 1003, 7000]","[-1, 22, 23, 21, 41]","[7, 3, 4, 2, 1]",0,0,XD9505
9506,95060,95061,95062,sprite/common/item/icon/end_product/item_9506.png,1,208,5,2,14000,10000,37500,15,4,6000,200,0,0,,"[1054, 1002, 1003, 7000]","[-1, 24, 21, 41]","[8, 2, 4, 2]",0,0,XD9506
9507,95070,95071,95072,sprite/common/item/icon/end_product/item_9507.png,1,210,5,1,12000,10000,60000,20,5,5000,250,0,0,,"[1054, 1002, 1003]","[-1, 24, 21]","[6, 2, 2]",0,0,XD9507
9508,95080,95081,95082,sprite/common/item/icon/end_product/item_9508.png,1,207,5,1,12000,10000,60000,20,5,5000,250,0,0,,"[1053, 1000, 1001, 1002, 1003]","[-1, 22, 23, 24, 21]","[7, 3, 3, 3, 3]",0,0,XD9508
9509,95090,95091,95092,sprite/common/item/icon/end_product/item_9509.png,1,202,5,1,12000,10000,60000,20,5,5000,250,0,0,,"[1052, 1000, 1003, 7000]","[-1, 22, 21, 41]","[9, 1, 4, 2]",0,0,XD9509
9510,95100,95101,95102,sprite/common/item/icon/end_product/item_9510.png,1,201,5,1,12000,10000,60000,20,5,5000,250,0,0,,"[1053, 1003, 7000]","[-1, 21, 41]","[6, 4, 1]",0,0,XD9510
9511,95110,95111,95112,sprite/common/item/icon/end_product/item_9511.png,1,205,5,3,16000,10000,20000,20,3,7000,150,0,0,,"[1050, 1000, 1001]","[-1, 22, 23]","[8, 3, 3]",0,0,XD9511
9512,95120,95121,95122,sprite/common/item/icon/end_product/item_9512.png,1,212,5,3,16000,10000,20000,20,3,7000,150,0,0,,"[1056, 1000, 1001, 1003]","[-1, 22, 23, 21]","[6, 2, 3, 2]",0,0,
9513,95130,95131,95132,sprite/common/item/icon/end_product/item_9513.png,1,213,5,1,12000,10000,60000,20,5,5000,250,0,0,,"[1056, 1003, 7000]","[-1, 21, 41]","[6, 4, 1]",0,0,
9514,95140,95141,95142,sprite/common/item/icon/end_product/item_9514.png,1,214,5,1,12000,10000,60000,20,5,5000,250,0,0,,"[1057, 1000, 1003, 7000]","[-1, 22, 21, 41]","[9, 1, 4, 2]",0,0,
9515,95150,95151,95152,sprite/common/item/icon/end_product/item_9515.png,1,215,5,2,12000,10000,60000,20,5,5000,250,0,0,,"[1057, 1001, 1003, 7000]","[-1, 23, 21, 41]","[5, 2, 2, 2]",0,0,
9516,95160,95161,95162,sprite/common/item/icon/end_product/item_9516.png,1,216,5,2,12000,10000,60000,20,5,5000,250,0,0,,"[1057, 1000, 1001, 1003, 7000]","[-1, 22, 23, 21, 41]","[7, 3, 4, 2, 1]",0,0,
9517,95170,95171,95172,sprite/common/item/icon/end_product/item_9517.png,1,217,5,1,16000,10000,20000,20,3,7000,150,0,0,,"[1056, 1000, 1001]","[-1, 22, 23]","[8, 3, 3]",0,0,
9518,95180,95181,95182,sprite/common/item/icon/end_product/item_9518.png,1,218,5,1,16000,10000,20000,20,3,7000,150,0,0,,"[1058, 1000, 1001]","[-1, 22, 23]","[7, 4, 1]",0,0,
9519,95190,95191,95192,sprite/common/item/icon/end_product/item_9519.png,1,219,5,3,12000,10000,60000,20,5,5000,250,0,0,,"[1058, 1000, 1001, 1002, 1003]","[-1, 22, 23, 24, 21]","[7, 3, 3, 3, 3]",0,0,
9520,95200,95201,95202,sprite/common/item/icon/end_product/item_9520.png,1,220,5,1,14000,10000,37500,15,4,6000,200,0,0,,"[1059, 1002, 1003, 7000]","[-1, 24, 21, 41]","[8, 2, 4, 2]",0,0,
9521,95210,95211,95212,sprite/common/item/icon/end_product/item_9521.png,1,221,5,1,16000,10000,20000,20,3,7000,150,0,0,,"[1059, 1000, 1001, 7000]","[-1, 24, 23, 41]","[8, 1, 3, 3]",0,0,
9522,95220,95221,95222,sprite/common/item/icon/end_product/item_9522.png,1,222,5,4,12000,10000,60000,20,5,5000,250,0,0,,"[1059, 1002, 1003]","[-1, 24, 21]","[6, 2, 2]",0,0,
9523,95230,95231,95232,sprite/common/item/icon/end_product/item_9523.png,1,223,5,4,12000,10000,60000,20,5,5000,250,0,0,,"[1059, 1000, 1001, 1002]","[-1, 22, 23, 24]","[9, 1, 1, 4]",0,0,
9524,95240,95241,95242,sprite/common/item/icon/end_product/item_9524.png,1,224,5,3,16000,10000,20000,20,3,7000,150,0,0,,"[1060, 1000, 1001, 1003]","[-1, 22, 23, 21]","[6, 2, 3, 2]",0,0,
9525,95250,95251,95252,sprite/common/item/icon/end_product/item_9525.png,1,225,5,1,12000,10000,60000,20,5,5000,250,0,0,,"[1061, 1003, 7001]","[-1, 21, 41]","[6, 4, 1]",0,0,
9526,95260,95261,95262,sprite/common/item/icon/end_product/item_9526.png,1,226,5,1,12000,10000,60000,20,5,5000,250,0,0,,"[1062, 1000, 1003, 7001]","[-1, 22, 21, 41]","[9, 1, 4, 2]",0,0,
9527,95270,95271,95272,sprite/common/item/icon/end_product/item_9527.png,1,227,5,2,12000,10000,60000,20,5,5000,250,0,0,,"[1063, 1001, 1003, 7001]","[-1, 23, 21, 41]","[5, 2, 2, 2]",0,0,
9528,95280,95281,95282,sprite/common/item/icon/end_product/item_9528.png,1,228,5,2,12000,10000,60000,20,5,5000,250,0,0,,"[1064, 1000, 1001, 1003, 7001]","[-1, 22, 23, 21, 41]","[7, 3, 4, 2, 1]",0,0,
9529,95290,95291,95292,sprite/common/item/icon/end_product/item_9529.png,1,229,5,1,16000,10000,20000,20,3,7000,150,0,0,,"[1065, 1000, 7001]","[-1, 22, 23]","[8, 3, 3]",0,0,
9530,95300,95301,95302,sprite/common/item/icon/end_product/item_9530.png,1,230,5,1,16000,10000,20000,20,3,7000,150,0,0,,"[1061, 1000, 7002]","[-1, 22, 23]","[7, 4, 1]",0,0,
9531,95310,95311,95312,sprite/common/item/icon/end_product/item_9531.png,1,231,5,3,12000,10000,60000,20,5,5000,250,0,0,,"[1060, 1000, 1001, 1002, 7002]","[-1, 22, 23, 24, 21]","[7, 3, 3, 3, 3]",0,0,
9532,95320,95321,95322,sprite/common/item/icon/end_product/item_9532.png,1,232,5,1,14000,10000,37500,15,4,6000,200,0,0,,"[1064, 1002, 1003, 7002]","[-1, 24, 21, 41]","[8, 2, 4, 2]",0,0,
9533,95330,95331,95332,sprite/common/item/icon/end_product/item_9533.png,1,233,5,1,16000,10000,20000,20,3,7000,150,0,0,,"[1065, 1000, 1001, 7002]","[-1, 24, 23, 41]","[8, 1, 3, 3]",0,0,
9534,95340,95341,95342,sprite/common/item/icon/end_product/item_9534.png,1,234,5,4,12000,10000,60000,20,5,5000,250,0,0,,"[1065, 1002, 7002]","[-1, 24, 21]","[6, 2, 2]",0,0,
9535,95350,95351,95352,sprite/common/item/icon/end_product/item_9535.png,1,235,5,4,12000,10000,60000,20,5,5000,250,0,0,,"[1060, 1000, 1001, 7002]","[-1, 22, 23, 24]","[9, 1, 1, 4]",0,0,
9800,98000,98001,98002,sprite/common/item/icon/end_product/item_9800.png,3,1016,3,1,14000,8000,20000,15,4,6000,200,1500,750000,sign,"[1016, 1017, 7001, 7012]","[-1, -1, -1, -1]","[1, 1, 5, 1]",0,0,
9801,98010,98011,98012,sprite/common/item/icon/end_product/item_9801.png,3,1007,1,2,14000,8000,37500,15,4,6000,200,1500,750000,prosperity,"[1004, 1009, 1010, 7007]","[-1, -1, -1, -1]","[6, 1, 1, 5]",0,0,
9802,98020,98021,98022,sprite/common/item/icon/end_product/item_9802.png,3,1040,2,1,12000,7500,60000,20,5,5000,250,2000,1000000,belief,"[1011, 1018, 7011, 7012]","[-1, -1, -1, -1]","[1, 1, 1, 5]",0,0,
9803,98030,98031,98032,sprite/common/item/icon/end_product/item_9803.png,3,1024,4,1,12000,7500,60000,20,5,5000,250,2000,1000000,adjustment,"[1009, 1010, 1014, 7005]","[-1, -1, -1, -1]","[5, 5, 1, 1]",0,0,
9804,98040,98041,98042,sprite/common/item/icon/end_product/item_9804.png,3,1021,2,2,14000,8000,37500,15,4,6000,200,1500,750000,honor,"[1004, 1012, 1015, 7008, 7010]","[-1, -1, -1, -1, -1]","[5, 1, 1, 1, 1]",0,0,
9805,98050,98051,98052,sprite/common/item/icon/end_product/item_9805.png,3,1008,4,2,14000,8000,37500,15,4,6000,200,1500,750000,history,"[1007, 1011, 1013, 7010]","[-1, -1, -1, -1]","[2, 2, 2, 1]",0,0,
9806,98060,98061,98062,sprite/common/item/icon/end_product/item_9806.png,3,1030,1,1,12000,7500,60000,20,5,5000,250,2000,1000000,original,"[1010, 1014, 1018, 7002]","[-1, -1, -1, -1]","[2, 1, 1, 1]",0,0,
9807,98070,98071,98072,sprite/common/item/icon/end_product/item_9807.png,3,1020,2,1,12000,7500,60000,20,5,5000,250,2000,1000000,gifts,"[1009, 1018, 7003, 7013]","[-1, -1, -1, -1]","[6, 2, 2, 1]",0,0,
9808,98080,98081,98082,sprite/common/item/icon/end_product/item_9808.png,3,1032,3,1,12000,7500,60000,20,5,5000,250,2000,1000000,confuse,"[1008, 1016, 7000, 7009]","[-1, -1, -1, -1]","[4, 1, 5, 1]",0,0,
9809,98090,98091,98092,sprite/common/item/icon/end_product/item_9809.png,3,1019,1,2,14000,8000,37500,15,4,6000,200,1500,750000,years,"[1004, 1010, 1011, 1015, 7008]","[-1, -1, -1, -1, -1]","[5, 1, 1, 1, 1]",0,0,
9810,98100,98101,98102,sprite/common/item/icon/end_product/item_9810.png,3,1037,2,1,12000,7500,60000,20,5,5000,250,2000,1000000,night,"[1008, 1012, 7002, 7009]","[-1, -1, -1, -1]","[1, 2, 1, 1]",0,0,
9811,98110,98111,98112,sprite/common/item/icon/end_product/item_9811.png,3,1010,1,2,14000,8000,37500,15,4,6000,200,1500,750000,sky,"[1004, 1008, 7007, 7022]","[-1, -1, -1, -1]","[7, 1, 1, 1]",0,0,
9812,98120,98121,98122,sprite/common/item/icon/end_product/item_9812.png,3,1033,3,1,12000,7500,60000,20,5,5000,250,2000,1000000,open,"[1010, 1014, 1018, 7002]","[-1, -1, -1, -1]","[1, 1, 2, 1]",0,0,
9813,98130,98131,98132,sprite/common/item/icon/end_product/item_9813.png,3,1002,4,2,14000,8000,37500,15,4,6000,200,1500,750000,rich,"[1006, 1009, 1010, 7001]","[-1, -1, -1, -1]","[1, 4, 1, 1]",0,0,
9814,98140,98141,98142,sprite/common/item/icon/end_product/item_9814.png,3,1023,3,1,12000,7500,60000,20,5,5000,250,2000,1000000,path,"[1004, 1014, 1016, 7003, 7008]","[-1, -1, -1, -1, -1]","[8, 1, 1, 5, 1]",0,0,
9815,98150,98151,98152,sprite/common/item/icon/end_product/item_9815.png,3,1013,2,1,14000,8000,25000,15,4,6000,200,1500,750000,security,"[1017, 7004, 7011, 7018]","[-1, -1, -1, -1]","[1, 5, 1, 1]",0,0,
9816,98160,98161,98162,sprite/common/item/icon/end_product/item_9816.png,3,1022,4,2,14000,8000,37500,15,4,6000,200,1500,750000,reversal,"[1006, 1016, 1017, 7018]","[-1, -1, -1, -1]","[1, 5, 1, 1]",0,0,
9817,98170,98171,98172,sprite/common/item/icon/end_product/item_9817.png,3,1034,1,1,12000,7500,60000,20,5,5000,250,2000,1000000,shelter,"[1004, 1013, 1018, 7006]","[-1, -1, -1, -1]","[3, 3, 3, 3]",0,0,
9818,98180,98181,98182,sprite/common/item/icon/end_product/item_9818.png,3,1015,3,2,14000,8000,37500,15,4,6000,200,1500,750000,threat,"[1012, 1016, 7008, 7013]","[-1, -1, -1, -1]","[1, 1, 1, 1]",0,0,
9819,98190,98191,98192,sprite/common/item/icon/end_product/item_9819.png,3,1036,4,1,12000,7500,60000,20,5,5000,250,2000,1000000,wisdom,"[1005, 1011, 1013, 1015, 1018]","[-1, -1, -1, -1, -1]","[2, 4, 1, 1, 4]",0,0,
9820,98200,98201,98202,sprite/common/item/icon/end_product/item_9820.png,3,1009,2,2,14000,8000,37500,15,4,6000,200,1500,750000,container,"[1013, 1015, 1017, 7011]","[-1, -1, -1, -1]","[1, 1, 1, 1]",0,0,
9821,98210,98211,98212,sprite/common/item/icon/end_product/item_9821.png,3,1005,4,2,14000,8000,37500,15,4,6000,200,1500,750000,customs,"[1004, 1008, 7004, 7022]","[-1, -1, -1, -1]","[1, 2, 5, 1]",0,0,
9822,98220,98221,98222,sprite/common/item/icon/end_product/item_9822.png,3,1035,1,1,12000,7500,60000,20,5,5000,250,2000,1000000,forecast,"[1009, 1010, 7010, 7016]","[-1, -1, -1, -1]","[4, 1, 1, 1]",0,0,
9823,98230,98231,98232,sprite/common/item/icon/end_product/item_9823.png,3,1031,3,1,12000,7500,60000,20,5,5000,250,2000,1000000,mark,"[1005, 1015, 1018, 7008]","[-1, -1, -1, -1]","[5, 4, 1, 1]",0,0,
9824,98240,98241,98242,sprite/common/item/icon/end_product/item_9824.png,3,1039,3,1,12000,7500,60000,20,5,5000,250,2000,1000000,frenzy,"[1010, 1014, 7011, 7012, 7016]","[-1, -1, -1, -1, -1]","[2, 1, 1, 1, 1]",0,0,
9825,98250,98251,98252,sprite/common/item/icon/end_product/item_9825.png,3,1003,3,2,14000,8000,37500,15,4,6000,200,1500,750000,diving,"[1008, 1012, 1016, 7007]","[-1, -1, -1, -1]","[1, 5, 1, 1]",0,0,
9826,98260,98261,98262,sprite/common/item/icon/end_product/item_9826.png,3,1028,1,1,12000,7500,60000,20,5,5000,250,2000,1000000,ceremony,"[1011, 1014, 1018, 7003]","[-1, -1, -1, -1]","[4, 2, 1, 1]",0,0,
9827,98270,98271,98272,sprite/common/item/icon/end_product/item_9827.png,3,1026,2,1,12000,7500,20000,20,5,5000,250,2000,1000000,adventure,"[1015, 1017, 1018, 7013]","[-1, -1, -1, -1]","[2, 5, 1, 3]",0,0,
9828,98280,98281,98282,sprite/common/item/icon/end_product/item_9828.png,3,1001,4,3,16000,8500,20000,20,3,7000,150,2000,1000000,firm,"[1012, 1013, 7001, 7003]","[-1, -1, -1, -1]","[4, 1, 1, 1]",0,0,
9829,98290,98291,98292,sprite/common/item/icon/end_product/item_9829.png,3,1018,1,2,14000,8000,37500,15,4,6000,200,1500,750000,monitor,"[1004, 1012, 1017, 7001, 7002]","[-1, -1, -1, -1, -1]","[5, 4, 1, 5, 1]",0,0,
9830,98300,98301,98302,sprite/common/item/icon/end_product/item_9830.png,3,1017,4,1,14000,8000,15000,15,4,6000,200,1500,750000,fuse,"[1013, 1017, 7012, 7018]","[-1, -1, -1, -1]","[1, 1, 1, 1]",0,0,
9831,98310,98311,98312,sprite/common/item/icon/end_product/item_9831.png,3,1029,3,1,12000,7500,60000,20,5,5000,250,2000,1000000,natural,"[1005, 1009, 1014, 7013]","[-1, -1, -1, -1]","[8, 2, 3, 3]",0,0,
9832,98320,98321,98322,sprite/common/item/icon/end_product/item_9832.png,3,1025,1,1,12000,7500,20000,20,5,5000,250,2000,1000000,faith,"[1016, 1018, 7005, 7006]","[-1, -1, -1, -1]","[3, 2, 5, 1]",0,0,
9833,98330,98331,98332,sprite/common/item/icon/end_product/item_9833.png,3,1012,2,2,14000,8000,37500,15,4,6000,200,1500,750000,ruin,"[1005, 7012, 7013, 7015]","[-1, -1, -1, -1]","[1, 1, 5, 2]",0,0,
9834,98340,98341,98342,sprite/common/item/icon/end_product/item_9834.png,3,1027,4,1,12000,7500,60000,20,5,5000,250,2000,1000000,progress,"[1007, 1012, 1014, 7005, 7012]","[-1, -1, -1, -1, -1]","[2, 5, 2, 5, 1]",0,0,
9835,98350,98351,98352,sprite/common/item/icon/end_product/item_9835.png,3,1006,1,2,14000,8000,37500,15,4,6000,200,1500,750000,suspicion,"[1011, 1015, 1023, 7005]","[-1, -1, -1, -1]","[1, 1, 1, 5]",0,0,
9836,98360,98361,98362,sprite/common/item/icon/end_product/item_9836.png,3,1004,3,2,14000,8000,37500,15,4,6000,200,1500,750000,secret,"[1005, 1006, 1026, 7006]","[-1, -1, -1, -1]","[1, 2, 2, 2]",0,0,
9837,98370,98371,98372,sprite/common/item/icon/end_product/item_9837.png,3,1014,4,2,14000,8000,37500,15,4,6000,200,1500,750000,grow,"[1011, 1015, 7006, 7008]","[-1, -1, -1, -1]","[1, 1, 1, 1]",0,0,
9838,98380,98381,98382,sprite/common/item/icon/end_product/item_9838.png,3,1011,2,1,14000,8000,20000,15,4,6000,200,1500,750000,forget,"[1016, 1017, 7003, 7022]","[-1, -1, -1, -1]","[1, 1, 5, 1]",0,0,
9839,98390,98391,98392,sprite/common/item/icon/end_product/item_9839.png,3,1038,2,1,12000,7500,60000,20,5,5000,250,2000,1000000,vip,"[1009, 1011, 7009, 7010]","[-1, -1, -1, -1]","[6, 2, 1, 2]",0,0,
9900,99000,99001,99002,sprite/common/item/icon/end_product/item_9900.png,2,1000,5,20,20000,0,3000,3,1,0,50,0,0,,[7000],[-1],[3],0,0,
9901,99010,99011,99012,sprite/common/item/icon/end_product/item_9901.png,2,1001,5,3,16000,0,20000,10,3,0,150,0,0,,[7001],[-1],[2],0,0,
9902,99020,99021,99022,sprite/common/item/icon/end_product/item_9902.png,2,1002,5,10,20000,0,3000,3,1,0,50,0,0,,[7000],[-1],[2],0,0,
9903,99030,99031,99032,sprite/common/item/icon/end_product/item_9903.png,2,1003,5,5,18000,0,9000,6,2,0,100,0,0,,[1004],[-1],[2],0,0,
9904,99040,99041,99042,sprite/common/item/icon/end_product/item_9904.png,2,1004,5,3,16000,0,20000,10,3,0,150,0,0,,[1008],[-1],[2],0,0,
9905,99050,99051,99052,sprite/common/item/icon/end_product/item_9905.png,2,1005,5,10,20000,0,3000,3,1,0,50,0,0,,[1000],[-1],[2],0,0,
9906,99060,99061,99062,sprite/common/item/icon/end_product/item_9906.png,2,1006,5,5,18000,0,9000,6,2,0,100,0,0,,[1005],[-1],[2],0,0,
9907,99070,99071,99072,sprite/common/item/icon/end_product/item_9907.png,2,1007,5,3,16000,0,20000,10,3,0,150,0,0,,[1015],[-1],[2],0,0,
9908,99080,99081,99082,sprite/common/item/icon/end_product/item_9908.png,2,1008,5,10,20000,0,3000,3,1,0,50,0,0,,[1001],[-1],[2],0,0,
9909,99090,99091,99092,sprite/common/item/icon/end_product/item_9909.png,2,1009,5,5,18000,0,9000,6,2,0,100,0,0,,[1006],[-1],[2],0,0,
9910,99100,99101,99102,sprite/common/item/icon/end_product/item_9910.png,2,1010,5,3,16000,0,20000,10,3,0,150,0,0,,[1012],[-1],[2],0,0,
9911,99110,99111,99112,sprite/common/item/icon/end_product/item_9911.png,2,1011,5,10,20000,0,3000,3,1,0,50,0,0,,[1002],[-1],[2],0,0,
9912,99120,99121,99122,sprite/common/item/icon/end_product/item_9912.png,2,1012,5,5,18000,0,9000,6,2,0,100,0,0,,[1007],[-1],[2],0,0,
9913,99130,99131,99132,sprite/common/item/icon/end_product/item_9913.png,2,1013,5,3,16000,0,20000,10,3,0,150,0,0,,[1013],[-1],[2],0,0,
